Days,1,2,3,4,5,6,7,8,9,10,11,12,13,14,15,16,17,18,19,20,21,22,23,24,25,26,27,28,29,30,31,32,33,34,35,36,37,38,39,40,41,42,43,44,45,46,47,48,49,50,51,52,53,54,55,56,57,58,59,60,61,62,63,64,65,66,67,68,69,70,71,72,73,74,75,76,77,78,79,80,81,82,83,84,85,86,87,88,89,90,91,92,93,94,95,96,97,98,99,100,101,102,103,104,105,106,107,108,109
0,0.0,0.0,0.0,0.0,0.0,0.0,0.0,0.0,0.0,0.0,0.0,0.0,0.0,0.0,0.0,0.0,0.0,0.0,0.0,0.0,0.0,0.0,0.0,0.0,0.0,0.0,0.0,0.0,0.0,0.0,0.0,0.0,0.0,0.0,0.0,0.0,0.0,0.0,0.0,0.0,0.0,0.0,0.0,0.0,0.0,0.0,0.0,0.0,0.0,0.0,0.0,0.0,0.0,0.0,0.0,0.0,0.0,0.0,0.0,0.0,0.0,0.0,0.0,0.0,0.0,0.0,0.0,0.0,0.0,0.0,0.0,0.0,0.0,0.0,0.0,0.0,0.0,0.0,0.0,0.0,0.0,0.0,0.0,0.0,0.0,0.0,0.0,0.0,0.0,0.0,0.0,0.0,0.0,0.0,0.0,0.0,0.0,0.0,0.0,0.0,0.0,0.0,0.0,0.0,0.0,0.0,0.0,0.0,0.0
1,0.0023681428571428573,0.0053518571428571434,0.011748857142857142,0.005557714285714286,0.0033420000000000004,0.03196185714285714,0.03557428571428571,0.012726714285714286,0.006601999999999999,0.02150257142857143,0.03092557142857143,0.01295842857142857,0.02469814285714286,0.06492857142857143,0.030705714285714284,0.008904142857142857,0.004774571428571428,0.012284285714285715,0.012919714285714286,0.03943028571428571,0.014285714285714287,0.014285714285714287,0.161907,0.014285714285714287,0.014285714285714287,0.014285714285714287,0.014285714285714287,1.150128,0.014285714285714287,0.07146647142857143,0.1229671857142857,0.15215357142857142,0.014285714285714287,0.014285714285714287,0.014285714285714287,0.0057904714285714285,0.014285714285714287,0.04013504285714286,0.1115009,0.28564,0.061203042857142856,0.051438614285714286,0.014285714285714287,0.0578549,0.16740128571428572,0.10999504285714286,0.13719375714285714,0.0338049,0.003006614285714286,0.014285714285714287,0.008911757142857144,0.014285714285714287,0.014285714285714287,0.13082847142857143,0.2238182857142857,0.07423818571428573,0.03346818571428571,0.15260585714285715,0.014285714285714287,0.0614609,0.014285714285714287,0.38296842857142854,0.014285714285714287,0.014285714285714287,0.014285714285714287,0.682469,2.065444285714286,0.017750571428571428,0.014285714285714287,0.130862,0.9720744285714286,0.5091934285714286,0.14947185714285713,0.6540767142857142,0.7251721428571428,0.252985,0.4496934285714286,0.6046762857142857,1.3219792857142856,0.3778847142857143,0.059375,0.116875,0.204375,0.238125,0.218125,0.003125,0.014375,0.030625,0.046875,0.033125,0.0125,0.0125,0.0125,0.0125,0.0125,0.0125,0.0125,0.0125,0.0125,0.0125,0.0125,0.013125,0.034375,0.069375,0.0,0.0125,0.0125,0.0125,0.031875
2,0.004736285714285715,0.010703714285714287,0.023497714285714285,0.011115428571428571,0.006684000000000001,0.06392371428571428,0.07114857142857142,0.02545342857142857,0.013203999999999999,0.04300514285714286,0.06185114285714286,0.02591685714285714,0.04939628571428572,0.12985714285714287,0.06141142857142857,0.017808285714285714,0.009549142857142857,0.02456857142857143,0.025839428571428572,0.07886057142857142,0.028571428571428574,0.028571428571428574,0.323814,0.028571428571428574,0.028571428571428574,0.028571428571428574,0.028571428571428574,2.300256,0.028571428571428574,0.14293294285714286,0.2459343714285714,0.30430714285714283,0.028571428571428574,0.028571428571428574,0.028571428571428574,0.011580942857142857,0.028571428571428574,0.08027008571428572,0.2230018,0.57128,0.12240608571428571,0.10287722857142857,0.028571428571428574,0.1157098,0.33480257142857145,0.21999008571428572,0.2743875142857143,0.0676098,0.006013228571428572,0.028571428571428574,0.017823514285714288,0.028571428571428574,0.028571428571428574,0.26165694285714286,0.4476365714285714,0.14847637142857145,0.06693637142857142,0.3052117142857143,0.028571428571428574,0.1229218,0.028571428571428574,0.7659368571428571,0.028571428571428574,0.028571428571428574,0.028571428571428574,1.364938,4.130888571428572,0.035501142857142856,0.028571428571428574,0.261724,1.9441488571428571,1.0183868571428571,0.29894371428571426,1.3081534285714285,1.4503442857142856,0.50597,0.8993868571428572,1.2093525714285713,2.643958571428571,0.7557694285714286,0.11875,0.23375,0.40875,0.47625,0.43625,0.00625,0.02875,0.06125,0.09375,0.06625,0.025,0.025,0.025,0.025,0.025,0.025,0.025,0.025,0.025,0.025,0.025,0.02625,0.06875,0.13875,0.0,0.025,0.025,0.025,0.06375
3,0.007104428571428572,0.01605557142857143,0.035246571428571426,0.01667314285714286,0.010026,0.09588557142857142,0.10672285714285713,0.03818014285714286,0.019805999999999997,0.0645077142857143,0.0927767142857143,0.03887528571428571,0.07409442857142857,0.19478571428571428,0.09211714285714286,0.02671242857142857,0.014323714285714285,0.036852857142857146,0.03875914285714286,0.11829085714285713,0.04285714285714286,0.04285714285714286,0.48572099999999996,0.04285714285714286,0.04285714285714286,0.04285714285714286,0.04285714285714286,3.450384,0.04285714285714286,0.2143994142857143,0.3689015571428571,0.4564607142857142,0.04285714285714286,0.04285714285714286,0.04285714285714286,0.017371414285714287,0.04285714285714286,0.12040512857142857,0.3345027,0.85692,0.18360912857142858,0.15431584285714287,0.04285714285714286,0.17356470000000002,0.5022038571428572,0.3299851285714286,0.4115812714285714,0.1014147,0.009019842857142857,0.04285714285714286,0.026735271428571433,0.04285714285714286,0.04285714285714286,0.39248541428571426,0.6714548571428571,0.22271455714285718,0.10040455714285713,0.4578175714285715,0.04285714285714286,0.1843827,0.04285714285714286,1.1489052857142856,0.04285714285714286,0.04285714285714286,0.04285714285714286,2.0474069999999998,6.196332857142858,0.053251714285714284,0.04285714285714286,0.392586,2.9162232857142856,1.5275802857142857,0.44841557142857136,1.9622301428571427,2.1755164285714286,0.758955,1.3490802857142858,1.814028857142857,3.9659378571428565,1.133654142857143,0.17812499999999998,0.350625,0.613125,0.714375,0.654375,0.009375000000000001,0.043125000000000004,0.091875,0.140625,0.099375,0.037500000000000006,0.037500000000000006,0.037500000000000006,0.037500000000000006,0.037500000000000006,0.037500000000000006,0.037500000000000006,0.037500000000000006,0.037500000000000006,0.037500000000000006,0.037500000000000006,0.039375,0.10312500000000001,0.208125,0.0,0.037500000000000006,0.037500000000000006,0.037500000000000006,0.095625
4,0.00947257142857143,0.021407428571428574,0.04699542857142857,0.022230857142857142,0.013368000000000001,0.12784742857142856,0.14229714285714284,0.05090685714285714,0.026407999999999997,0.08601028571428572,0.12370228571428572,0.05183371428571428,0.09879257142857144,0.25971428571428573,0.12282285714285714,0.03561657142857143,0.019098285714285713,0.04913714285714286,0.051678857142857144,0.15772114285714284,0.05714285714285715,0.05714285714285715,0.647628,0.05714285714285715,0.05714285714285715,0.05714285714285715,0.05714285714285715,4.600512,0.05714285714285715,0.28586588571428573,0.4918687428571428,0.6086142857142857,0.05714285714285715,0.05714285714285715,0.05714285714285715,0.023161885714285714,0.05714285714285715,0.16054017142857144,0.4460036,1.14256,0.24481217142857142,0.20575445714285714,0.05714285714285715,0.2314196,0.6696051428571429,0.43998017142857143,0.5487750285714286,0.1352196,0.012026457142857144,0.05714285714285715,0.035647028571428575,0.05714285714285715,0.05714285714285715,0.5233138857142857,0.8952731428571428,0.2969527428571429,0.13387274285714285,0.6104234285714286,0.05714285714285715,0.2458436,0.05714285714285715,1.5318737142857142,0.05714285714285715,0.05714285714285715,0.05714285714285715,2.729876,8.261777142857143,0.07100228571428571,0.05714285714285715,0.523448,3.8882977142857142,2.0367737142857143,0.5978874285714285,2.616306857142857,2.9006885714285713,1.01194,1.7987737142857143,2.4187051428571427,5.287917142857142,1.5115388571428572,0.2375,0.4675,0.8175,0.9525,0.8725,0.0125,0.0575,0.1225,0.1875,0.1325,0.05,0.05,0.05,0.05,0.05,0.05,0.05,0.05,0.05,0.05,0.05,0.0525,0.1375,0.2775,0.0,0.05,0.05,0.05,0.1275
5,0.011840714285714286,0.026759285714285718,0.058744285714285714,0.027788571428571426,0.016710000000000003,0.1598092857142857,0.17787142857142857,0.06363357142857143,0.03301,0.10751285714285715,0.15462785714285715,0.06479214285714285,0.1234907142857143,0.3246428571428572,0.15352857142857143,0.04452071428571429,0.02387285714285714,0.06142142857142857,0.06459857142857144,0.19715142857142853,0.07142857142857144,0.07142857142857144,0.809535,0.07142857142857144,0.07142857142857144,0.07142857142857144,0.07142857142857144,5.750640000000001,0.07142857142857144,0.35733235714285716,0.6148359285714285,0.7607678571428571,0.07142857142857144,0.07142857142857144,0.07142857142857144,0.02895235714285714,0.07142857142857144,0.2006752142857143,0.5575045,1.4282,0.30601521428571427,0.25719307142857145,0.07142857142857144,0.2892745,0.8370064285714286,0.5499752142857143,0.6859687857142858,0.1690245,0.01503307142857143,0.07142857142857144,0.04455878571428572,0.07142857142857144,0.07142857142857144,0.6541423571428572,1.1190914285714284,0.37119092857142866,0.16734092857142857,0.7630292857142857,0.07142857142857144,0.3073045,0.07142857142857144,1.9148421428571427,0.07142857142857144,0.07142857142857144,0.07142857142857144,3.412345,10.327221428571429,0.08875285714285713,0.07142857142857144,0.6543100000000001,4.860372142857143,2.545967142857143,0.7473592857142857,3.270383571428571,3.625860714285714,1.264925,2.2484671428571428,3.023381428571428,6.609896428571428,1.8894235714285714,0.296875,0.5843750000000001,1.021875,1.190625,1.0906250000000002,0.015625,0.07187500000000001,0.153125,0.234375,0.16562500000000002,0.0625,0.0625,0.0625,0.0625,0.0625,0.0625,0.0625,0.0625,0.0625,0.0625,0.0625,0.065625,0.171875,0.34687500000000004,0.0,0.0625,0.0625,0.0625,0.159375
6,0.014208857142857145,0.03211114285714286,0.07049314285714285,0.03334628571428572,0.020052,0.19177114285714283,0.21344571428571427,0.07636028571428571,0.039611999999999994,0.1290154285714286,0.1855534285714286,0.07775057142857142,0.14818885714285715,0.38957142857142857,0.1842342857142857,0.05342485714285714,0.02864742857142857,0.07370571428571429,0.07751828571428572,0.23658171428571426,0.08571428571428572,0.08571428571428572,0.9714419999999999,0.08571428571428572,0.08571428571428572,0.08571428571428572,0.08571428571428572,6.900768,0.08571428571428572,0.4287988285714286,0.7378031142857142,0.9129214285714284,0.08571428571428572,0.08571428571428572,0.08571428571428572,0.034742828571428575,0.08571428571428572,0.24081025714285714,0.6690054,1.71384,0.36721825714285716,0.30863168571428573,0.08571428571428572,0.34712940000000003,1.0044077142857144,0.6599702571428572,0.8231625428571429,0.2028294,0.018039685714285714,0.08571428571428572,0.053470542857142866,0.08571428571428572,0.08571428571428572,0.7849708285714285,1.3429097142857143,0.44542911428571436,0.20080911428571427,0.915635142857143,0.08571428571428572,0.3687654,0.08571428571428572,2.2978105714285713,0.08571428571428572,0.08571428571428572,0.08571428571428572,4.0948139999999995,12.392665714285716,0.10650342857142857,0.08571428571428572,0.785172,5.832446571428571,3.0551605714285714,0.8968311428571427,3.9244602857142854,4.351032857142857,1.51791,2.6981605714285717,3.628057714285714,7.931875714285713,2.267308285714286,0.35624999999999996,0.70125,1.22625,1.42875,1.30875,0.018750000000000003,0.08625000000000001,0.18375,0.28125,0.19875,0.07500000000000001,0.07500000000000001,0.07500000000000001,0.07500000000000001,0.07500000000000001,0.07500000000000001,0.07500000000000001,0.07500000000000001,0.07500000000000001,0.07500000000000001,0.07500000000000001,0.07875,0.20625000000000002,0.41625,0.0,0.07500000000000001,0.07500000000000001,0.07500000000000001,0.19125
7,0.016577,0.037463,0.082242,0.038904,0.023394,0.223733,0.24902,0.089087,0.046214,0.150518,0.216479,0.090709,0.172887,0.4545,0.21494,0.062329,0.033422,0.08599,0.090438,0.276012,0.1,0.1,1.133349,0.1,0.1,0.1,0.1,8.050896,0.1,0.5002653,0.8607703,1.065075,0.1,0.1,0.1,0.0405333,0.1,0.2809453,0.7805063,1.99948,0.4284213,0.3600703,0.1,0.4049843,1.171809,0.7699653,0.9603563,0.2366343,0.0210463,0.1,0.0623823,0.1,0.1,0.9157993,1.566728,0.5196673,0.2342773,1.068241,0.1,0.4302263,0.1,2.680779,0.1,0.1,0.1,4.777283,14.45811,0.124254,0.1,0.916034,6.804521,3.564354,1.046303,4.578537,5.076205,1.770895,3.147854,4.232734,9.253855,2.645193,0.41562499999999997,0.818125,1.430625,1.666875,1.526875,0.021875000000000002,0.100625,0.21437499999999998,0.328125,0.231875,0.08750000000000001,0.08750000000000001,0.08750000000000001,0.08750000000000001,0.08750000000000001,0.08750000000000001,0.08750000000000001,0.08750000000000001,0.08750000000000001,0.08750000000000001,0.08750000000000001,0.091875,0.24062500000000003,0.48562500000000003,0.0,0.08750000000000001,0.08750000000000001,0.08750000000000001,0.22312500000000002
8,1.5101517142857144,0.46151157142857147,1.4987992857142856,0.9247054285714287,1.1804237142857144,0.377442,0.31408114285714284,0.16496985714285714,0.10720042857142857,0.27710999999999997,0.8536984285714286,0.3636185714285714,0.7248411428571427,1.2562317142857142,0.8236412857142857,0.06586285714285714,0.15308928571428573,0.16805557142857142,0.14923714285714287,0.4133078571428571,4.077254285714285,1.6316114285714287,0.9714419999999999,1.3181328571428572,0.9138562857142857,0.47021371428571423,1.063738142857143,7.302591857142857,0.9854294285714286,2.2406531142857142,3.0117474214285718,15.390692857142858,4.690572857142857,1.350407142857143,0.930025238095238,1.6851042571428574,1.8771657142857145,3.6368688285714286,3.9555068285714285,4.374524285714286,0.38150397142857145,0.35970267142857143,0.7225121428571428,0.4411649714285714,1.0186934285714286,1.0768129714285712,1.1318456857142858,0.28674254285714285,0.43277511428571425,0.15573014285714287,0.06775625714285714,0.215034,0.1,0.9310801142857142,1.4431348428571429,0.6592306857142858,0.27850225714285715,1.077570142857143,0.14687727142857143,0.5572314,4.199241428571428,11.05449057142857,43.626599999999996,6.664324285714285,10.654777142857144,31.063613999999998,22.498097142857144,13.468812000000002,13.599275714285715,11.868680571428571,8.326420857142857,4.9988148571428574,4.027706857142857,8.93794457142857,5.243241857142857,2.6933107142857144,5.4433048571428575,9.422892,10.175755714285714,2.281594,0.475,0.935,1.635,1.905,1.745,0.025,0.115,0.245,0.375,0.265,0.1,0.1,0.1,0.1,0.1,0.1,0.1,0.1,0.1,0.1,0.1,0.105,0.275,0.555,0.0,0.1,0.1,0.1,0.255
9,3.0037264285714285,0.8855601428571429,2.915356571428571,1.8105068571428573,2.337453428571429,0.531151,0.37914228571428565,0.24085271428571428,0.16818685714285714,0.403702,1.4909178571428574,0.6365281428571429,1.2767952857142855,2.0579634285714286,1.4323425714285714,0.06939671428571428,0.27275657142857146,0.2501211428571428,0.20803628571428573,0.5506037142857143,8.05450857142857,3.1632228571428573,0.8095349999999999,2.5362657142857143,1.7277125714285715,0.8404274285714285,2.027476285714286,6.554287714285714,1.8708588571428573,3.9810409285714288,5.162724542857143,29.716310714285715,9.281145714285714,2.6008142857142857,1.760050476190476,3.3296752142857144,3.654331428571429,6.992792357142857,7.130507357142857,6.749568571428572,0.33458664285714285,0.35933504285714285,1.3450242857142858,0.47734564285714287,0.8655778571428572,1.3836606428571427,1.3033350714285716,0.3368507857142857,0.8445039285714284,0.2114602857142857,0.07313021428571428,0.33006800000000003,0.1,0.9463609285714285,1.3195416857142857,0.7987940714285715,0.32272721428571427,1.0868992857142856,0.19375454285714283,0.6842365,8.298482857142856,19.428202142857142,87.15319999999998,13.22864857142857,21.20955428571429,57.34994499999999,30.53808428571429,26.813370000000003,27.098551428571433,22.821327142857143,9.848320714285714,6.433275714285714,7.009110714285715,13.297352142857143,5.410278714285714,3.6157264285714286,7.738755714285714,14.613049999999998,11.097656428571428,1.917995,0.5085714285714286,0.8885714285714286,1.5385714285714285,1.9114285714285715,1.7614285714285716,0.08714285714285715,0.13714285714285715,0.25857142857142856,0.49,0.43,0.17714285714285716,0.3142857142857143,0.44285714285714284,0.34571428571428575,0.19285714285714287,0.16285714285714287,0.24000000000000002,0.38857142857142857,0.2742857142857143,0.15,0.12285714285714286,0.14285714285714285,0.44857142857142857,0.6457142857142858,0.0,0.09428571428571429,0.09000000000000001,0.18714285714285717,0.30857142857142855
10,4.497301142857143,1.3096087142857142,4.331913857142857,2.6963082857142857,3.4944831428571432,0.68486,0.4442034285714285,0.31673557142857145,0.22917328571428572,0.5302939999999999,2.128137285714286,0.9094377142857143,1.828749428571428,2.8596951428571424,2.0410438571428573,0.07293057142857143,0.39242385714285716,0.3321867142857143,0.2668354285714286,0.6878995714285714,12.031762857142857,4.694834285714285,0.647628,3.7543985714285717,2.5415688571428574,1.2106411428571429,2.991214428571429,5.8059835714285715,2.756288285714286,5.721428742857142,7.313701664285716,44.04192857142857,13.871718571428572,3.8512214285714284,2.5900757142857143,4.974246171428572,5.431497142857143,10.348715885714286,10.305507885714286,9.124612857142857,0.2876693142857143,0.35896741428571427,1.9675364285714285,0.5135263142857143,0.7124622857142858,1.6905083142857142,1.4748244571428573,0.3869590285714286,1.2562327428571427,0.2671904285714286,0.07850417142857144,0.445102,0.1,0.9616417428571428,1.1959485285714284,0.9383574571428571,0.3669521714285714,1.0962284285714285,0.24063181428571426,0.8112416,12.397724285714284,27.80191371428571,130.67979999999997,19.792972857142857,31.764331428571435,83.636276,38.578071428571434,40.157928000000005,40.59782714285715,33.77397371428572,11.370220571428572,7.867736571428571,9.990514571428571,17.656759714285712,5.577315571428572,4.538142142857143,10.034206571428573,19.803207999999998,12.019557142857142,1.554396,0.5421428571428571,0.8421428571428572,1.4421428571428572,1.917857142857143,1.777857142857143,0.1492857142857143,0.1592857142857143,0.27214285714285713,0.605,0.595,0.25428571428571434,0.5285714285714286,0.7857142857142857,0.5914285714285714,0.2857142857142857,0.22571428571428573,0.38,0.6771428571428572,0.4485714285714286,0.2,0.1457142857142857,0.18071428571428572,0.6221428571428571,0.7364285714285714,0.0,0.08857142857142858,0.08,0.2742857142857143,0.36214285714285716
11,5.990875857142857,1.7336572857142858,5.7484711428571424,3.5821097142857146,4.6515128571428574,0.838569,0.5092645714285714,0.3926184285714286,0.2901597142857143,0.656886,2.7653567142857147,1.1823472857142856,2.3807035714285707,3.6614268571428568,2.649745142857143,0.07646442857142857,0.5120911428571429,0.4142522857142857,0.32563457142857144,0.8251954285714285,16.009017142857143,6.226445714285714,0.48572099999999996,4.972531428571428,3.355425142857143,1.5808548571428571,3.954952571428572,5.057679428571428,3.6417177142857144,7.461816557142857,9.464678785714288,58.36754642857143,18.46229142857143,5.101628571428571,3.420100952380952,6.618817128571429,7.2086628571428575,13.704639414285715,13.480508414285715,11.499657142857144,0.24075198571428572,0.35859978571428575,2.5900485714285715,0.5497069857142857,0.5593467142857144,1.9973559857142855,1.646313842857143,0.4370672714285715,1.667961557142857,0.32292057142857145,0.08387812857142857,0.560136,0.1,0.9769225571428571,1.0723553714285714,1.077920842857143,0.4111771285714285,1.1055575714285715,0.2875090857142857,0.9382467000000001,16.496965714285714,36.17562528571428,174.20639999999997,26.357297142857142,42.31910857142858,109.92260699999999,46.61805857142858,53.502486000000005,54.097102857142865,44.72662028571429,12.89212042857143,9.302197428571429,12.97191842857143,22.016167285714285,5.744352428571428,5.460557857142857,12.32965742857143,24.993365999999998,12.941457857142858,1.190797,0.5757142857142857,0.7957142857142857,1.3457142857142856,1.9242857142857144,1.7942857142857145,0.21142857142857144,0.18142857142857144,0.2857142857142857,0.72,0.76,0.33142857142857146,0.7428571428571428,1.1285714285714286,0.8371428571428571,0.37857142857142856,0.2885714285714286,0.52,0.9657142857142857,0.6228571428571429,0.25,0.1685714285714286,0.21857142857142858,0.7957142857142857,0.8271428571428572,0.0,0.08285714285714285,0.07,0.36142857142857143,0.4157142857142857
12,7.484450571428571,2.157705857142857,7.165028428571428,4.467911142857143,5.808542571428572,0.992278,0.5743257142857142,0.46850128571428573,0.35114614285714285,0.783478,3.4025761428571433,1.455256857142857,2.932657714285714,4.463158571428571,3.2584464285714287,0.07999828571428572,0.6317584285714286,0.4963178571428571,0.3844337142857143,0.9624912857142855,19.986271428571428,7.758057142857143,0.32381399999999994,6.190664285714285,4.169281428571428,1.9510685714285714,4.918690714285715,4.309375285714285,4.527147142857142,9.202204371428572,11.615655907142859,72.69316428571427,23.052864285714286,6.352035714285714,4.250126190476189,8.263388085714286,8.985828571428572,17.060562942857143,16.655508942857143,13.874701428571429,0.19383465714285714,0.35823215714285717,3.2125607142857144,0.5858876571428571,0.4062311428571429,2.304203657142857,1.817803228571429,0.4871755142857144,2.0796903714285713,0.3786507142857143,0.08925208571428572,0.6751699999999999,0.1,0.9922033714285714,0.9487622142857143,1.2174842285714287,0.45540208571428564,1.1148867142857144,0.33438635714285714,1.0652518,20.596207142857143,44.549336857142855,217.73299999999998,32.92162142857143,52.87388571428573,136.208938,54.65804571428572,66.847044,67.59637857142857,55.67926685714286,14.414020285714287,10.736658285714286,15.953322285714288,26.375574857142855,5.911389285714286,6.382973571428572,14.625108285714287,30.183524,13.86335857142857,0.8271980000000001,0.6092857142857142,0.7492857142857143,1.2492857142857143,1.9307142857142856,1.8107142857142857,0.2735714285714286,0.2035714285714286,0.2992857142857143,0.835,0.9249999999999999,0.4085714285714286,0.9571428571428571,1.4714285714285715,1.082857142857143,0.4714285714285714,0.3514285714285714,0.66,1.2542857142857144,0.7971428571428572,0.3,0.19142857142857145,0.25642857142857145,0.9692857142857142,0.9178571428571429,0.0,0.07714285714285715,0.060000000000000005,0.4485714285714286,0.4692857142857143
13,8.978025285714287,2.5817544285714282,8.581585714285715,5.353712571428571,6.965572285714286,1.145987,0.639386857142857,0.5443841428571429,0.4121325714285714,0.9100699999999999,4.039795571428572,1.7281664285714284,3.4846118571428564,5.264890285714285,3.8671477142857142,0.08353214285714286,0.7514257142857143,0.5783834285714285,0.4432328571428572,1.0997871428571429,23.963525714285716,9.289668571428571,0.16190700000000002,7.408797142857143,4.983137714285714,2.3212822857142856,5.882428857142857,3.561071142857143,5.412576571428572,10.942592185714286,13.766633028571432,87.01878214285713,27.643437142857145,7.602442857142856,5.080151428571428,9.907959042857144,10.762994285714287,20.41648647142857,19.83050947142857,16.249745714285716,0.14691732857142858,0.3578645285714286,3.835072857142857,0.6220683285714286,0.25311557142857155,2.6110513285714285,1.9892926142857146,0.5372837571428571,2.4914191857142853,0.4343808571428571,0.09462604285714286,0.790204,0.1,1.0074841857142856,0.8251690571428572,1.3570476142857142,0.4996270428571429,1.124215857142857,0.3812636285714285,1.1922569,24.69544857142857,52.92304842857142,261.2596,39.48594571428571,63.42866285714287,162.495269,62.69803285714287,80.191602,81.09565428571429,66.63191342857142,15.935920142857142,12.171119142857142,18.934726142857144,30.734982428571428,6.078426142857143,7.305389285714286,16.920559142857144,35.373681999999995,14.785259285714286,0.4635990000000003,0.6428571428571428,0.7028571428571428,1.1528571428571428,1.937142857142857,1.8271428571428572,0.33571428571428574,0.22571428571428576,0.3128571428571429,0.95,1.0899999999999999,0.48571428571428577,1.1714285714285715,1.8142857142857145,1.3285714285714287,0.5642857142857143,0.41428571428571426,0.8,1.5428571428571431,0.9714285714285714,0.35,0.2142857142857143,0.2942857142857143,1.1428571428571428,1.0085714285714285,0.0,0.07142857142857142,0.05,0.5357142857142857,0.5228571428571429
14,10.4716,3.005803,9.998143,6.239514,8.122602,1.299696,0.704448,0.620267,0.473119,1.036662,4.677015,2.001076,4.036566,6.066622,4.475849,0.087066,0.871093,0.660449,0.502032,1.237083,27.94078,10.82128,0.0,8.62693,5.796994,2.691496,6.846167,2.812767,6.298006,12.68298,15.917610150000003,101.3444,32.23401,8.85285,5.910176666666666,11.55253,12.54016,23.77241,23.00551,18.62479,0.1,0.3574969,4.457585,0.658249,0.1,2.917899,2.160782,0.587392,2.903148,0.490111,0.1,0.905238,0.1,1.022765,0.7015759,1.496611,0.543852,1.133545,0.4281409,1.319262,28.79469,61.29676,304.7862,46.05027,73.98344,188.7816,70.73802,93.53616,94.59493,77.58456,17.45782,13.60558,21.91613,35.09439,6.245463,8.227805,19.21601,40.56384,15.70716,0.1,0.6764285714285714,0.6564285714285714,1.0564285714285715,1.9435714285714285,1.8435714285714286,0.3978571428571429,0.2478571428571429,0.32642857142857146,1.065,1.255,0.562857142857143,1.3857142857142857,2.157142857142857,1.5742857142857143,0.6571428571428571,0.4771428571428572,0.9400000000000001,1.8314285714285716,1.145714285714286,0.4,0.23714285714285716,0.33214285714285713,1.3164285714285713,1.0992857142857142,0.0,0.06571428571428571,0.04000000000000001,0.6228571428571429,0.5764285714285714
15,10.236496571428571,3.003689571428571,9.061011857142859,5.996178428571429,7.5313300000000005,1.2813515714285715,0.6725364285714286,0.5909354285714286,0.491591,0.9948858571428572,4.3003798571428575,1.9226935714285713,3.8518289999999995,5.673407571428571,4.2912038571428575,0.09457900000000001,0.8574902857142858,0.6173267142857143,0.4981031428571429,1.2291287142857141,26.687852857142857,9.830037428571428,0.5593294285714286,7.78487,5.603440714285714,2.9057405714285713,6.745573857142857,2.6986005714285715,6.283226571428571,12.131424,18.068587271428573,108.0903,33.01243928571429,10.103257142857142,6.7402019047619035,13.063185714285716,14.352585714285715,22.971184285714287,22.60624142857143,18.350607142857143,0.1,0.4219118428571429,3.835072857142857,0.5784991428571429,0.1,2.821657714285714,2.0921524285714286,0.7027368571428572,2.6851477142857143,0.4845809285714286,0.1,0.8030883571428571,0.1,0.9917809285714285,0.6156364857142858,1.4091432142857143,0.5223252142857143,1.2355057142857142,0.42900741428571426,1.1726122142857143,35.79705,75.80013714285714,280.7307714285714,53.877359999999996,74.27167857142857,174.6734042857143,73.79635857142857,85.89300999999999,82.87654714285715,68.83348,17.51001,14.520442857142857,20.615019999999998,31.789052857142856,7.555342571428572,13.082734285714285,18.89927857142857,34.78329142857143,13.715903285714285,0.1,0.71,0.61,0.96,1.95,1.86,0.46,0.27,0.34,1.18,1.42,0.64,1.6,2.5,1.82,0.75,0.54,1.08,2.12,1.32,0.45,0.26,0.37,1.49,1.19,0.0,0.06,0.03,0.71,0.63
16,10.001393142857143,3.0015761428571426,8.123880714285715,5.7528428571428565,6.9400580000000005,1.2630071428571428,0.6406248571428571,0.5616038571428571,0.510063,0.9531097142857142,3.9237447142857143,1.8443111428571428,3.667092,5.280193142857143,4.106558714285715,0.102092,0.8438875714285714,0.5742044285714285,0.49417428571428573,1.2211744285714285,25.434925714285715,8.838794857142856,1.1186588571428573,6.94281,5.4098874285714285,3.119985142857143,6.6449807142857145,2.584434142857143,6.268447142857143,11.579868000000001,20.219564392857144,114.83619999999999,33.79086857142857,11.353664285714284,7.570227142857141,14.57384142857143,16.16501142857143,22.169958571428573,22.20697285714286,18.076424285714285,0.1,0.4863267857142857,3.212560714285714,0.4987492857142857,0.1,2.725416428571428,2.0235228571428574,0.8180817142857143,2.4671474285714283,0.47905085714285717,0.1,0.7009387142857143,0.1,0.9607968571428571,0.5296970714285715,1.3216754285714285,0.5007984285714285,1.3374664285714286,0.4298739285714286,1.0259624285714286,42.79941,90.30351428571429,256.6753428571429,61.704449999999994,74.55991714285715,160.56520857142857,76.85469714285715,78.24986,71.15816428571429,60.08239999999999,17.5622,15.435305714285715,19.31391,28.48371571428571,8.865222142857142,17.937663571428573,18.582547142857145,29.002742857142856,11.724646571428572,0.1,0.6951428571428571,0.598,0.9637142857142856,2.0237142857142856,1.7965714285714287,0.4165714285714286,0.2537142857142857,0.34800000000000003,1.208,1.2794285714285714,0.9722857142857143,1.6022857142857143,3.748,2.5022857142857142,0.848,0.9537142857142857,1.0694285714285714,3.0665714285714287,1.7337142857142858,0.5037142857142857,0.36942857142857144,0.9665714285714286,1.5808571428571427,2.1965714285714286,0.0,0.14514285714285716,0.7594285714285715,0.8522857142857143,1.2265714285714286
17,9.766289714285714,2.999462714285714,7.186749571428572,5.509507285714285,6.3487860000000005,1.2446627142857143,0.6087132857142857,0.5322722857142858,0.528535,0.9113335714285714,3.5471095714285714,1.7659287142857143,3.4823549999999996,4.886978714285714,3.9219135714285716,0.10960500000000001,0.8302848571428572,0.5310821428571428,0.4902454285714286,1.2132201428571427,24.181998571428572,7.847552285714285,1.677988285714286,6.10075,5.216334142857143,3.334229714285714,6.5443875714285715,2.4702677142857143,6.253667714285714,11.028312000000001,22.370541514285716,121.5821,34.56929785714286,12.604071428571428,8.400252380952379,16.084497142857145,17.97743714285714,21.36873285714286,21.807704285714287,17.802241428571428,0.1,0.5507417285714286,2.5900485714285715,0.4189994285714286,0.1,2.6291751428571426,1.9548932857142858,0.9334265714285714,2.249147142857143,0.47352078571428574,0.1,0.5987890714285714,0.1,0.9298127857142857,0.44375765714285714,1.2342076428571427,0.47927164285714285,1.4394271428571428,0.43074044285714286,0.8793126428571428,49.801770000000005,104.80689142857142,232.6199142857143,69.53154,74.84815571428571,146.45701285714284,79.91303571428571,70.60670999999999,59.43978142857143,51.33132,17.61439,16.350168571428572,18.0128,25.17837857142857,10.175101714285713,22.792592857142857,18.265815714285715,23.222194285714288,9.733389857142857,0.1,0.6802857142857143,0.586,0.9674285714285714,2.0974285714285714,1.733142857142857,0.37314285714285716,0.23742857142857143,0.35600000000000004,1.236,1.1388571428571428,1.3045714285714287,1.6045714285714288,4.996,3.1845714285714286,0.946,1.3674285714285714,1.058857142857143,4.013142857142857,2.1474285714285717,0.5574285714285714,0.47885714285714287,1.5631428571428572,1.6717142857142857,3.2031428571428573,0.0,0.23028571428571432,1.4888571428571429,0.9945714285714286,1.8231428571428574
18,9.531186285714286,2.997349285714286,6.249618428571429,5.266171714285714,5.7575140000000005,1.2263182857142856,0.5768017142857143,0.5029407142857143,0.547007,0.8695574285714286,3.1704744285714286,1.6875462857142858,3.297618,4.493764285714286,3.737268428571429,0.117118,0.8166821428571428,0.4879598571428571,0.48631657142857143,1.2052658571428572,22.92907142857143,6.856309714285715,2.2373177142857146,5.25869,5.022780857142857,3.5484742857142857,6.443794428571429,2.356101285714286,6.238888285714285,10.476756000000002,24.521518635714287,128.328,35.34772714285714,13.85447857142857,9.230277619047618,17.595152857142857,19.789862857142857,20.567507142857142,21.408435714285712,17.528058571428573,0.1,0.6151566714285714,1.9675364285714285,0.33924957142857143,0.1,2.532933857142857,1.8862637142857144,1.0487714285714285,2.031146857142857,0.46799071428571426,0.1,0.49663942857142857,0.1,0.8988287142857142,0.35781824285714287,1.146739857142857,0.4577448571428571,1.5413878571428572,0.43160695714285713,0.7326628571428572,56.80413,119.31026857142857,208.56448571428572,77.35863,75.13639428571429,132.34881714285714,82.97137428571429,62.96356,47.72139857142857,42.580239999999996,17.66658,17.26503142857143,16.71169,21.873041428571426,11.484981285714284,27.64752214285714,17.949084285714285,17.441645714285716,7.742133142857142,0.1,0.6654285714285714,0.574,0.9711428571428571,2.1711428571428573,1.6697142857142857,0.32971428571428574,0.22114285714285714,0.364,1.264,0.9982857142857142,1.636857142857143,1.606857142857143,6.244,3.8668571428571425,1.044,1.7811428571428571,1.0482857142857143,4.959714285714286,2.5611428571428574,0.6111428571428571,0.5882857142857143,2.159714285714286,1.7625714285714285,4.209714285714286,0.0,0.31542857142857145,2.218285714285714,1.1368571428571428,2.419714285714286
19,9.296082857142856,2.9952358571428572,5.312487285714286,5.022836142857143,5.1662420000000004,1.207973857142857,0.5448901428571429,0.47360914285714284,0.5654790000000001,0.8277812857142857,2.7938392857142857,1.6091638571428573,3.112881,4.100549857142857,3.5526232857142857,0.124631,0.8030794285714286,0.4448375714285714,0.4823877142857143,1.1973115714285714,21.676144285714287,5.865067142857143,2.796647142857143,4.41663,4.8292275714285715,3.7627188571428567,6.343201285714286,2.2419348571428572,6.224108857142856,9.9252,26.672495757142862,135.07389999999998,36.12615642857143,15.104885714285713,10.060302857142856,19.105808571428575,21.60228857142857,19.76628142857143,21.00916714285714,17.253875714285716,0.1,0.6795716142857143,1.3450242857142856,0.2594997142857143,0.1,2.4366925714285714,1.817634142857143,1.1641162857142857,1.8131465714285713,0.46246064285714283,0.1,0.3944897857142857,0.1,0.8678446428571428,0.2718788285714286,1.0592720714285715,0.4362180714285714,1.6433485714285714,0.4324734714285714,0.5860130714285715,63.80649,133.8136457142857,184.50905714285716,85.18572,75.42463285714285,118.24062142857143,86.02971285714285,55.320409999999995,36.003015714285716,33.829159999999995,17.71877,18.179894285714287,15.41058,18.567704285714285,12.794860857142854,32.502451428571426,17.632352857142855,11.661097142857145,5.750876428571427,0.1,0.6505714285714286,0.562,0.9748571428571429,2.244857142857143,1.6062857142857143,0.28628571428571425,0.20485714285714285,0.372,1.2919999999999998,0.8577142857142857,1.9691428571428573,1.6091428571428572,7.492,4.549142857142857,1.142,2.194857142857143,1.0377142857142858,5.906285714285715,2.974857142857143,0.6648571428571428,0.6977142857142857,2.7562857142857147,1.8534285714285714,5.216285714285714,0.0,0.40057142857142863,2.9477142857142855,1.2791428571428571,3.0162857142857145
20,9.060979428571429,2.9931224285714286,4.375356142857143,4.779500571428571,4.57497,1.1896294285714286,0.5129785714285715,0.4442775714285714,0.5839510000000001,0.7860051428571428,2.417204142857143,1.5307814285714285,2.9281439999999996,3.7073354285714286,3.367978142857143,0.132144,0.7894767142857142,0.4017152857142857,0.4784588571428572,1.1893572857142858,20.423217142857144,4.873824571428571,3.355976571428572,3.5745699999999996,4.635674285714286,3.976963428571428,6.242608142857143,2.1277684285714287,6.2093294285714284,9.373644,28.823472878571433,141.8198,36.904585714285716,16.355292857142857,10.890328095238093,20.616464285714287,23.414714285714282,18.965055714285715,20.60989857142857,16.979692857142858,0.1,0.7439865571428572,0.722512142857143,0.17974985714285718,0.1,2.3404512857142854,1.7490045714285714,1.279461142857143,1.5951462857142857,0.4569305714285714,0.1,0.2923401428571428,0.1,0.8368605714285714,0.18593941428571426,0.9718042857142857,0.4146912857142857,1.7453092857142858,0.4333399857142857,0.43936328571428573,70.80885,148.31702285714286,160.45362857142857,93.01281,75.71287142857143,104.13242571428572,89.08805142857142,47.67726,24.284632857142853,25.07808,17.77096,19.094757142857144,14.10947,15.262367142857144,14.104740428571427,37.35738071428571,17.31562142857143,5.880548571428577,3.759619714285714,0.1,0.6357142857142857,0.55,0.9785714285714285,2.3185714285714285,1.5428571428571427,0.24285714285714285,0.18857142857142856,0.38,1.3199999999999998,0.7171428571428571,2.3014285714285716,1.6114285714285714,8.74,5.231428571428571,1.24,2.6085714285714285,1.0271428571428571,6.852857142857143,3.388571428571429,0.7185714285714285,0.8071428571428572,3.352857142857143,1.9442857142857142,6.222857142857142,0.0,0.4857142857142858,3.677142857142857,1.4214285714285715,3.612857142857143
21,8.825876,2.991009,3.438225,4.536165,3.983698,1.171285,0.481067,0.414946,0.602423,0.744229,2.040569,1.452399,2.743407,3.314121,3.183333,0.139657,0.775874,0.358593,0.47453,1.181403,19.17029,3.882582,3.915306,2.73251,4.442121,4.191208,6.142015,2.013602,6.19455,8.822088,30.97445,148.5657,37.683015,17.605700000000002,11.720353333333332,22.12712,25.22714,18.16383,20.21063,16.70551,0.1,0.8084015,0.1,0.1,0.1,2.24421,1.680375,1.394806,1.377146,0.4514005,0.1,0.1901905,0.1,0.8058765,0.1,0.8843365,0.3931645,1.84727,0.4342065,0.2927135,77.81121,162.8204,136.3982,100.8399,76.00111,90.02423,92.14639,40.03411,12.56625,16.327,17.82315,20.00962,12.80836,11.95703,15.41462,42.21231,16.99889,0.1,1.768363,0.1,0.6208571428571428,0.538,0.9822857142857143,2.3922857142857143,1.4794285714285713,0.1994285714285714,0.1722857142857143,0.388,1.3479999999999999,0.5765714285714285,2.633714285714286,1.6137142857142859,9.988,5.913714285714286,1.338,3.0222857142857142,1.0165714285714287,7.799428571428572,3.8022857142857145,0.7722857142857142,0.9165714285714286,3.949428571428572,2.035142857142857,7.229428571428572,0.0,0.570857142857143,4.406571428571429,1.5637142857142856,4.209428571428572
22,15.65641657142857,4.279643428571429,4.898781428571429,8.052238571428571,8.176342571428572,2.58845,2.005213142857143,0.7214948571428571,1.725533,1.4666094285714286,3.2199605714285715,2.717667714285714,3.8102417142857146,4.779183714285715,5.244165428571428,0.41579214285714283,1.4788034285714287,0.7717551428571429,1.5624424285714285,2.0843747142857145,20.198144285714285,6.2934531428571425,4.949223714285715,3.8884042857142855,6.333822285714286,29.335749714285715,11.280487142857142,5.023263142857143,14.498731428571428,10.499395428571429,29.767728571428574,131.0413857142857,38.461444285714286,18.856107142857145,12.550378571428569,22.08106,25.41565857142857,23.129614285714286,21.631665714285713,16.758617142857144,0.17846924285714288,2.0414534285714288,0.5736337142857143,0.9496544285714286,0.18839452857142858,3.2575734285714284,2.048613857142857,2.0422135714285714,1.731415,1.5379242857142859,0.1,0.17730614285714286,0.1,0.8538515714285714,0.11787895714285715,0.8935942428571428,0.3926036714285714,1.74502,0.38646271428571427,0.3850488142857143,72.31701142857143,144.03925857142858,124.91781285714286,91.96701285714286,69.67875285714285,86.27361428571429,83.89496571428572,42.73927,15.596285714285713,23.194008571428576,23.129077142857142,18.013643571428574,12.006136857142858,11.613748428571428,15.280452857142857,36.76487328571429,15.106570857142856,1.0114040000000002,5.199545428571428,0.9159377142857142,0.606,0.526,0.986,2.466,1.416,0.156,0.156,0.396,1.376,0.436,2.966,1.616,11.236,6.596,1.436,3.436,1.006,8.746,4.216,0.826,1.026,4.546,2.126,8.236,0.0,0.656,5.136,1.706,4.806
23,22.486957142857143,5.568277857142857,6.359337857142856,11.568312142857142,12.368987142857144,4.005615000000001,3.529359285714286,1.0280437142857142,2.848643,2.1889898571428574,4.399352142857143,3.9829364285714286,4.877076428571429,6.2442464285714285,7.304997857142856,0.6919272857142857,2.1817328571428574,1.1849172857142858,2.6503548571428572,2.9873464285714286,21.225998571428573,8.704324285714286,5.983141428571429,5.0442985714285715,8.225523571428571,54.480291428571434,16.418959285714283,8.032924285714287,22.802912857142857,12.176702857142857,28.561007142857143,113.51707142857143,39.23987357142857,20.106514285714287,13.380403809523807,22.035,25.604177142857143,28.095398571428575,23.052701428571428,16.811724285714284,0.25693848571428574,3.274505357142857,1.0472674285714285,1.7993088571428573,0.2767890571428572,4.270936857142857,2.4168527142857146,2.689621142857143,2.085684,2.6244480714285716,0.1,0.16442178571428573,0.1,0.9018266428571429,0.1357579142857143,0.9028519857142857,0.39204284285714286,1.64277,0.3387189285714286,0.47738412857142853,66.82281285714286,125.25811714285715,113.43742571428572,83.09412571428571,63.35639571428571,82.52299857142857,75.64354142857142,45.44443,18.62632142857143,30.061017142857146,28.435004285714285,16.017667142857142,11.203913714285715,11.270466857142857,15.146285714285714,31.317436571428573,13.214251714285714,1.9228080000000003,8.630727857142857,1.7318754285714286,0.53,0.4542857142857143,0.8957142857142857,2.4771428571428573,1.3485714285714285,0.23714285714285716,0.2785714285714286,0.5414285714285714,1.9085714285714284,0.6871428571428572,3.3642857142857143,1.7171428571428573,13.335714285714285,13.412857142857144,1.4142857142857141,4.2628571428571425,1.3471428571428572,14.28142857142857,18.185714285714287,1.0628571428571427,1.1514285714285715,4.291428571428572,2.3328571428571427,12.405714285714286,0.0,0.9942857142857142,5.1971428571428575,2.282857142857143,10.817142857142859
24,29.317497714285714,6.8569122857142855,7.819894285714285,15.084385714285713,16.561631714285713,5.42278,5.053505428571429,1.3345925714285714,3.971753,2.911370285714286,5.578743714285714,5.248205142857143,5.943911142857143,7.709309142857142,9.365830285714285,0.9680624285714287,2.8846622857142856,1.5980794285714286,3.738267285714286,3.890318142857143,22.253852857142856,11.115195428571429,7.017059142857143,6.2001928571428575,10.117224857142858,79.62483314285716,21.557431428571427,11.04258542857143,31.107094285714286,13.854010285714287,27.354285714285716,95.99275714285713,40.01830285714286,21.35692142857143,14.210429047619046,21.98894,25.792695714285713,33.06118285714286,24.47373714285714,16.864831428571428,0.33540772857142864,4.507557285714286,1.5209011428571428,2.6489632857142857,0.36518358571428566,5.284300285714286,2.7850915714285716,3.3370287142857142,2.439953,3.7109718571428574,0.1,0.15153742857142857,0.1,0.9498017142857142,0.15363687142857144,0.9121097285714286,0.3914820142857143,1.54052,0.2909751428571429,0.5697194428571428,61.32861428571429,106.47697571428571,101.95703857142857,74.22123857142857,57.03403857142857,78.77238285714286,67.39211714285715,48.14959,21.656357142857143,36.928025714285724,33.74093142857143,14.021690714285715,10.40169057142857,10.927185285714286,15.012118571428571,25.869999857142858,11.32193257142857,2.8342120000000004,12.061910285714283,2.547813142857143,0.45399999999999996,0.38257142857142856,0.8054285714285714,2.4882857142857144,1.2811428571428571,0.3182857142857143,0.40114285714285713,0.6868571428571428,2.4411428571428573,0.9382857142857144,3.7625714285714285,1.8182857142857143,15.435428571428572,20.229714285714287,1.3925714285714286,5.089714285714286,1.6882857142857142,19.816857142857142,32.15542857142857,1.2997142857142856,1.276857142857143,4.036857142857143,2.5397142857142856,16.575428571428574,0.0,1.3325714285714285,5.258285714285714,2.8597142857142854,16.828285714285716
25,36.148038285714286,8.145546714285715,9.280450714285713,18.600459285714283,20.754276285714287,6.839945000000001,6.577651571428572,1.6411414285714285,5.094863,3.633750714285714,6.758135285714285,6.5134738571428565,7.010745857142858,9.174371857142857,11.426662714285712,1.2441975714285713,3.5875917142857143,2.0112415714285716,4.826179714285714,4.793289857142858,23.281707142857144,13.526066571428572,8.050976857142857,7.3560871428571435,12.008926142857142,104.76937485714286,26.69590357142857,14.052246571428574,39.411275714285715,15.531317714285715,26.147564285714285,78.46844285714285,40.79673214285714,22.60732857142857,15.040454285714283,21.942880000000002,25.981214285714284,38.026967142857146,25.894772857142854,16.91793857142857,0.4138769714285715,5.740609214285714,1.9945348571428572,3.4986177142857144,0.45357811428571426,6.297663714285714,3.153330428571429,3.9844362857142857,2.794222,4.797495642857143,0.1,0.13865307142857144,0.1,0.9977767857142857,0.17151582857142858,0.9213674714285713,0.3909211857142857,1.4382700000000002,0.24323135714285715,0.6620547571428571,55.83441571428571,87.69583428571428,90.47665142857144,65.34835142857142,50.711681428571424,75.02176714285714,59.14069285714286,50.854749999999996,24.686392857142856,43.795034285714294,39.04685857142857,12.025714285714287,9.59946742857143,10.583903714285714,14.877951428571428,20.422563142857143,9.429613428571429,3.7456160000000005,15.493092714285712,3.363750857142857,0.378,0.3108571428571429,0.7151428571428571,2.4994285714285716,1.2137142857142857,0.39942857142857147,0.5237142857142857,0.8322857142857143,2.9737142857142858,1.1894285714285715,4.160857142857143,1.9194285714285715,17.53514285714286,27.04657142857143,1.3708571428571428,5.916571428571428,2.0294285714285714,25.352285714285713,46.12514285714286,1.5365714285714285,1.4022857142857141,3.7822857142857145,2.7465714285714284,20.74514285714286,0.0,1.6708571428571428,5.319428571428571,3.4365714285714284,22.839428571428574
26,42.97857885714286,9.434181142857144,10.741007142857143,22.116532857142857,24.94692085714286,8.25711,8.101797714285714,1.9476902857142857,6.217973000000001,4.3561311428571425,7.937526857142856,7.7787425714285705,8.077580571428571,10.639434571428572,13.487495142857142,1.5203327142857141,4.290521142857143,2.4244037142857144,5.914092142857142,5.696261571428572,24.309561428571428,15.936937714285715,9.08489457142857,8.51198142857143,13.900627428571429,129.91391657142856,31.834375714285713,17.061907714285717,47.71545714285714,17.208625142857144,24.940842857142858,60.944128571428564,41.57516142857143,23.857735714285717,15.870479523809522,21.89682,26.169732857142854,42.99275142857143,27.31580857142857,16.971045714285715,0.49234621428571435,6.973661142857143,2.4681685714285715,4.348272142857143,0.5419726428571429,7.311027142857143,3.5215692857142864,4.631843857142857,3.148491,5.884019428571429,0.1,0.1257687142857143,0.1,1.0457518571428572,0.18939478571428572,0.9306252142857142,0.3903603571428571,1.33602,0.19548757142857143,0.7543900714285714,50.34021714285714,68.91469285714285,78.99626428571429,56.47546428571428,44.38932428571428,71.27115142857143,50.88926857142857,53.55991,27.71642857142857,50.662042857142865,44.352785714285716,10.029737857142857,8.797244285714285,10.240622142857143,14.743784285714286,14.975126428571429,7.537294285714285,4.65702,18.92427514285714,4.179688571428571,0.302,0.23914285714285716,0.6248571428571428,2.5105714285714287,1.1462857142857144,0.48057142857142854,0.6462857142857142,0.9777142857142856,3.5062857142857142,1.4405714285714286,4.559142857142857,2.0205714285714285,19.634857142857143,33.86342857142857,1.3491428571428572,6.743428571428572,2.3705714285714286,30.88771428571428,60.09485714285715,1.7734285714285714,1.5277142857142856,3.5277142857142856,2.9534285714285713,24.914857142857144,0.0,2.009142857142857,5.380571428571429,4.013428571428571,28.85057142857143
27,49.80911942857143,10.722815571428573,12.201563571428569,25.632606428571428,29.13956542857143,9.674275,9.625943857142857,2.2542391428571427,7.341083,5.078511571428572,9.116918428571429,9.044011285714285,9.144415285714286,12.104497285714285,15.548327571428569,1.7964678571428572,4.993450571428571,2.8375658571428573,7.0020045714285715,6.599233285714286,25.33741571428571,18.347808857142855,10.118812285714286,9.667875714285714,15.792328714285714,155.0584582857143,36.97284785714285,20.071568857142857,56.01963857142857,18.885932571428572,23.734121428571427,43.41981428571427,42.353590714285716,25.10814285714286,16.70050476190476,21.85076,26.358251428571428,47.958535714285716,28.736844285714284,17.024152857142855,0.5708154571428572,8.206713071428572,2.9418022857142856,5.197926571428571,0.6303671714285713,8.324390571428571,3.8898081428571434,5.2792514285714285,3.5027600000000003,6.970543214285715,0.1,0.11288435714285715,0.1,1.0937269285714286,0.20727374285714287,0.9398829571428571,0.3897995285714286,1.23377,0.14774378571428576,0.8467253857142856,44.84601857142857,50.13355142857142,67.51587714285715,47.60257714285714,38.066967142857145,67.52053571428571,42.637844285714294,56.26507,30.746464285714286,57.529051428571435,49.65871285714286,8.033761428571427,7.9950211428571425,9.897340571428572,14.609617142857143,9.527689714285714,5.644975142857142,5.568424,22.35545757142857,4.995626285714286,0.22599999999999998,0.16742857142857143,0.5345714285714285,2.521714285714286,1.0788571428571427,0.5617142857142857,0.7688571428571429,1.1231428571428572,4.038857142857143,1.6917142857142857,4.957428571428571,2.121714285714286,21.734571428571428,40.680285714285716,1.3274285714285714,7.570285714285714,2.7117142857142857,36.42314285714286,74.06457142857143,2.0102857142857142,1.653142857142857,3.273142857142857,3.160285714285714,29.08457142857143,0.0,2.3474285714285714,5.441714285714286,4.590285714285715,34.861714285714285
28,56.63966,12.01145,13.66212,29.14868,33.33221,11.09144,11.15009,2.560788,8.464193,5.800892,10.29631,10.30928,10.21125,13.56956,17.60916,2.072603,5.69638,3.250728,8.089917,7.502205,26.36527,20.75868,11.15273,10.82377,17.68403,180.203,42.11132,23.08123,64.32382,20.56324,22.5274,25.8955,43.13202,26.35855,17.53053,21.8047,26.54677,52.92432,30.15788,17.07726,0.6492847,9.439765,3.415436,6.047581,0.7187617,9.337754,4.258047,5.926659,3.857029,8.057067,0.1,0.1,0.1,1.141702,0.2251527,0.9491407,0.3892387,1.13152,0.1,0.9390607,39.35182,31.35241,56.03549,38.72969,31.74461,63.76992,34.38642,58.97023,33.7765,64.39606,54.96464,6.037785,7.192798,9.554059,14.47545,4.080253,3.752656,6.479828,25.78664,5.811564,0.15000000000000002,0.09571428571428575,0.4442857142857143,2.532857142857143,1.0114285714285713,0.6428571428571429,0.8914285714285715,1.2685714285714285,4.571428571428571,1.942857142857143,5.355714285714285,2.222857142857143,23.834285714285713,47.49714285714286,1.3057142857142856,8.397142857142857,3.0528571428571425,41.958571428571425,88.03428571428572,2.247142857142857,1.7785714285714285,3.0185714285714287,3.367142857142857,33.254285714285714,0.0,2.6857142857142855,5.502857142857143,5.167142857142856,40.87285714285714
29,59.67107,12.014491428571429,13.332274285714286,27.98126142857143,33.94246428571429,11.51767,11.006478571428572,2.7969908571428572,8.441633571428572,5.9136552857142854,10.303985714285714,10.049969285714285,10.809307142857143,13.556652857142856,18.178452857142858,3.0088574285714285,5.969996142857143,3.7441681428571427,8.621733142857142,7.288037,26.132742857142855,19.871512857142857,10.99125,11.363927142857143,18.006451428571427,158.52471714285716,44.05699857142857,28.39218285714286,66.50083428571429,19.8377,32.15121428571429,51.662457142857136,61.07898857142857,32.34157857142857,23.010082857142855,33.62787142857143,51.85038857142857,68.70357428571428,51.13851142857143,31.039594285714287,0.6336771714285715,9.364507428571429,4.125204714285714,6.604213142857143,0.9300608857142856,9.302647571428572,4.489739142857143,6.369467428571428,4.473262714285714,8.941533142857143,0.2451152857142857,1.5347214285714288,0.1,0.9928874285714286,0.7145966,3.0905377428571428,4.158247457142857,3.078665714285714,3.434834285714286,1.8302177428571427,37.79306714285714,31.122082857142857,55.59471,39.08295571428571,33.26879142857143,90.88351714285714,57.93940285714286,86.05765428571428,86.6186,90.2555942857143,55.00276142857143,5.979102142857143,7.5985568571428574,9.232732714285715,15.201174285714286,9.392408285714286,9.870249428571427,24.871538285714287,41.60460571428571,14.456840571428572,0.074,0.024,0.354,2.544,0.944,0.724,1.014,1.414,5.104,2.194,5.754,2.324,25.934,54.314,1.284,9.224,3.394,47.494,102.004,2.484,1.904,2.764,3.574,37.424,0.0,3.024,5.564,5.744,46.884
30,62.70248,12.017532857142857,13.00242857142857,26.813842857142856,34.55271857142858,11.9439,10.862867142857143,3.0331937142857144,8.419074142857143,6.026418571428572,10.311661428571428,9.79065857142857,11.407364285714285,13.543745714285714,18.747745714285713,3.945111857142857,6.243612285714286,4.237608285714286,9.153549285714286,7.073869,25.900215714285714,18.984345714285713,10.82977,11.904084285714285,18.32887285714286,136.84643428571428,46.002677142857145,33.703135714285715,68.67784857142857,19.11216,41.77502857142857,77.42941428571427,79.02595714285714,38.32460714285715,28.48963571428571,45.45104285714286,77.15400714285714,84.48282857142857,72.11914285714286,45.00192857142857,0.6180696428571428,9.289249857142856,4.834973428571429,7.160845285714286,1.1413600714285712,9.267541142857143,4.721431285714286,6.812275857142857,5.089496428571429,9.825999285714285,0.3902305714285714,2.9694428571428575,0.1,0.8440728571428572,1.2040405,5.2319347857142855,7.927256214285714,5.025811428571428,6.769668571428571,2.7213747857142856,36.234314285714284,30.891755714285715,55.15393,39.43622142857143,34.79297285714286,117.99711428571429,81.49238571428572,113.14507857142857,139.4607,116.11512857142858,55.04088285714286,5.920419285714286,8.004315714285715,8.911406428571429,15.926898571428572,14.704563571428572,15.987842857142855,43.26324857142857,57.42257142857143,23.102117142857146,0.09914285714285714,0.08057142857142857,0.372,2.657714285714286,0.9462857142857143,0.6805714285714286,0.9534285714285714,1.3619999999999999,4.880571428571429,2.0948571428571428,5.172,2.406285714285714,23.046285714285716,47.87342857142857,1.272,8.202,3.172,41.65485714285714,89.22771428571428,2.424857142857143,1.7848571428571427,2.986285714285714,4.357714285714286,35.077714285714286,0.0,2.8577142857142857,5.6248571428571426,6.6819999999999995,45.51342857142857
31,65.73389,12.020574285714286,12.672582857142856,25.646424285714286,35.16297285714286,12.37013,10.719255714285714,3.2693965714285715,8.396514714285715,6.139181857142857,10.319337142857142,9.531347857142856,12.00542142857143,13.530838571428571,19.317038571428572,4.881366285714286,6.517228428571428,4.7310484285714285,9.685365428571428,6.859700999999999,25.66768857142857,18.09717857142857,10.66829,12.444241428571429,18.651294285714286,115.16815142857143,47.94835571428571,39.01408857142857,70.85486285714286,18.38662,51.39884285714285,103.19637142857142,96.97292571428571,44.307635714285716,33.969188571428575,57.274214285714294,102.4576257142857,100.26208285714286,93.09977428571429,58.964262857142856,0.6024621142857143,9.213992285714285,5.544742142857143,7.717477428571429,1.352659257142857,9.232434714285715,4.953123428571429,7.255084285714286,5.705730142857142,10.710465428571428,0.5353458571428571,4.404164285714286,0.1,0.6952582857142857,1.6934844,7.373331828571428,11.696264971428572,6.972957142857143,10.104502857142856,3.612531828571428,34.67556142857143,30.661428571428573,54.71315,39.78948714285714,36.31715428571429,145.11071142857145,105.04536857142857,140.23250285714283,192.3028,141.97466285714285,55.07900428571429,5.861736428571429,8.410074571428572,8.590080142857143,16.65262285714286,20.016718857142855,22.105436285714283,61.65495885714286,73.24053714285714,31.747393714285717,0.12428571428571428,0.13714285714285712,0.38999999999999996,2.7714285714285714,0.9485714285714285,0.6371428571428571,0.8928571428571429,1.31,4.6571428571428575,1.9957142857142858,4.59,2.4885714285714284,20.158571428571427,41.432857142857145,1.26,7.18,2.95,35.815714285714286,76.45142857142858,2.3657142857142857,1.6657142857142857,3.2085714285714286,5.1414285714285715,32.73142857142857,0.0,2.6914285714285713,5.685714285714286,7.62,44.142857142857146
32,68.7653,12.023615714285715,12.342737142857143,24.479005714285712,35.773227142857145,12.79636,10.575644285714286,3.5055994285714287,8.373955285714285,6.251945142857143,10.327012857142858,9.272037142857142,12.603478571428571,13.517931428571428,19.886331428571427,5.817620714285715,6.790844571428572,5.224488571428571,10.217181571428572,6.6455329999999995,25.43516142857143,17.210011428571427,10.50681,12.98439857142857,18.973715714285714,93.48986857142857,49.894034285714284,44.32504142857143,73.03187714285714,17.661080000000002,61.02265714285714,128.96332857142858,114.91989428571428,50.290664285714286,39.448741428571424,69.09738571428572,127.76124428571427,116.04133714285715,114.08040571428572,72.92659714285715,0.5868545857142857,9.138734714285714,6.254510857142858,8.274109571428571,1.5639584428571427,9.197328285714285,5.1848155714285715,7.6978927142857145,6.3219638571428565,11.594931571428571,0.6804611428571428,5.8388857142857145,0.1,0.5464437142857144,2.1829283,9.51472887142857,15.465273728571429,8.920102857142858,13.439337142857143,4.503688871428571,33.11680857142857,30.431101428571427,54.27237,40.14275285714286,37.84133571428571,172.2243085714286,128.59835142857145,167.31992714285713,245.1449,167.83419714285714,55.11712571428571,5.803053571428571,8.815833428571429,8.268753857142858,17.378347142857145,25.328874142857142,28.22302971428571,80.04666914285714,89.05850285714286,40.39267028571429,0.1494285714285714,0.1937142857142857,0.408,2.8851428571428572,0.9508571428571428,0.5937142857142856,0.8322857142857143,1.258,4.433714285714286,1.8965714285714286,4.007999999999999,2.5708571428571427,17.270857142857142,34.992285714285714,1.248,6.158,2.728,29.976571428571425,63.67514285714286,2.3065714285714285,1.5465714285714285,3.4308571428571426,5.925142857142857,30.385142857142856,0.0,2.525142857142857,5.746571428571428,8.558,42.772285714285715
33,71.79671,12.026657142857143,12.012891428571429,23.311587142857142,36.38348142857143,13.22259,10.432032857142858,3.741802285714286,8.351395857142856,6.364708428571428,10.334688571428572,9.012726428571428,13.201535714285715,13.505024285714285,20.455624285714286,6.753875142857143,7.064460714285714,5.717928714285714,10.748997714285714,6.4313649999999996,25.202634285714286,16.322844285714286,10.34533,13.524555714285714,19.29613714285714,71.81158571428571,51.83971285714286,49.63599428571429,75.20889142857143,16.93554,70.64647142857143,154.7302857142857,132.86686285714285,56.273692857142855,44.92829428571429,80.92055714285715,153.06486285714286,131.82059142857142,135.06103714285715,86.88893142857142,0.5712470571428572,9.063477142857144,6.964279571428572,8.830741714285715,1.7752576285714283,9.162221857142857,5.416507714285714,8.140701142857143,6.938197571428571,12.479397714285714,0.8255764285714284,7.273607142857143,0.1,0.397629142857143,2.6723722000000003,11.656125914285713,19.234282485714285,10.867248571428572,16.77417142857143,5.394845914285714,31.558055714285715,30.200774285714285,53.83159,40.49601857142857,39.36551714285714,199.33790571428574,152.1513342857143,194.40735142857142,297.987,193.69373142857143,55.15524714285714,5.744370714285714,9.221592285714287,7.947427571428571,18.10407142857143,30.64102942857143,34.34062314285714,98.43837942857142,104.87646857142857,49.03794685714286,0.17457142857142854,0.2502857142857143,0.426,2.9988571428571427,0.9531428571428571,0.5502857142857143,0.7717142857142857,1.206,4.210285714285714,1.7974285714285714,3.4259999999999997,2.653142857142857,14.383142857142857,28.551714285714283,1.236,5.136,2.5060000000000002,24.13742857142857,50.898857142857146,2.2474285714285713,1.4274285714285715,3.653142857142857,6.708857142857143,28.038857142857143,0.0,2.358857142857143,5.807428571428572,9.496,41.401714285714284
34,74.82812000000001,12.029698571428572,11.683045714285713,22.144168571428573,36.99373571428572,13.648819999999999,10.288421428571429,3.978005142857143,8.328836428571428,6.4774717142857146,10.342364285714286,8.753415714285714,13.799592857142859,13.492117142857143,21.02491714285714,7.690129571428572,7.338076857142857,6.2113688571428565,11.280813857142856,6.217197,24.970107142857145,15.435677142857143,10.18385,14.064712857142858,19.618558571428572,50.133302857142866,53.78539142857143,54.94694714285714,77.38590571428571,16.21,80.2702857142857,180.49724285714285,150.8138314285714,62.25672142857143,50.40784714285714,92.74372857142858,178.3684814285714,147.59984571428572,156.04166857142857,100.85126571428572,0.5556395285714285,8.988219571428571,7.674048285714287,9.387373857142856,1.9865568142857142,9.127115428571427,5.648199857142857,8.583509571428571,7.554431285714285,13.363863857142857,0.9706917142857142,8.708328571428572,0.1,0.24881457142857155,3.1618161000000002,13.797522957142855,23.003291242857145,12.814394285714286,20.109005714285715,6.286002957142856,29.999302857142858,29.970447142857143,53.39081,40.84928428571429,40.88969857142857,226.45150285714288,175.70431714285712,221.4947757142857,350.8291,219.55326571428571,55.19336857142857,5.685687857142857,9.627351142857144,7.626101285714286,18.829795714285716,35.95318471428571,40.458216571428565,116.83008971428572,120.6944342857143,57.68322342857143,0.19971428571428568,0.30685714285714283,0.44399999999999995,3.1125714285714285,0.9554285714285714,0.5068571428571429,0.7111428571428571,1.154,3.9868571428571427,1.6982857142857144,2.844,2.7354285714285713,11.495428571428572,22.111142857142852,1.224,4.114,2.284,18.29828571428571,38.12257142857143,2.188285714285714,1.3082857142857143,3.8754285714285714,7.492571428571429,25.69257142857143,0.0,2.1925714285714286,5.868285714285714,10.434000000000001,40.031142857142854
35,77.85953,12.03274,11.3532,20.97675,37.60399,14.07505,10.14481,4.214208,8.306277,6.590235,10.35004,8.494105,14.39765,13.47921,21.59421,8.626384,7.611693,6.704809,11.81263,6.003029,24.73758,14.54851,10.02237,14.60487,19.94098,28.45502,55.73107,60.2579,79.56292,15.48446,89.8941,206.2642,168.7608,68.23975,55.8874,104.5669,203.6721,163.3791,177.0223,114.8136,0.540032,8.912962,8.383817,9.944006,2.197856,9.092009,5.879892,9.026318,8.170665,14.24833,1.115807,10.14305,0.1,0.1,3.65126,15.93892,26.7723,14.76154,23.44384,7.17716,28.44055,29.74012,52.95003,41.20255,42.41388,253.5651,199.2573,248.5822,403.6712,245.4128,55.23149,5.627005,10.03311,7.304775,19.55552,41.26534,46.57581,135.2218,136.5124,66.3285,0.22485714285714287,0.36342857142857143,0.46199999999999997,3.226285714285714,0.9577142857142856,0.4634285714285714,0.6505714285714286,1.102,3.7634285714285713,1.5991428571428572,2.2619999999999996,2.8177142857142856,8.607714285714284,15.670571428571428,1.212,3.0920000000000005,2.0620000000000003,12.45914285714285,25.346285714285713,2.129142857142857,1.189142857142857,4.097714285714286,8.276285714285715,23.346285714285713,0.0,2.0262857142857142,5.929142857142858,11.372,38.66057142857143
36,79.52115714285715,11.563061142857142,11.424061428571427,21.328042857142858,38.282048571428575,13.95023857142857,10.127452857142856,4.198742428571428,8.26692857142857,6.791078,10.202219714285715,8.464022428571427,14.31535,13.101492857142857,20.911952857142857,9.087892,7.9788368571428565,6.382790428571429,12.09644142857143,6.0297854285714285,24.273652857142856,14.405137142857143,10.252634285714286,14.484662857142856,21.18206142857143,28.621967142857144,57.24438285714286,66.5888,78.43311285714286,15.372041428571428,96.09034285714286,207.62006666666665,168.7608,73.94642857142857,58.50906428571429,102.49568857142857,207.29734285714287,160.05447142857142,185.65588571428572,126.88565714285714,0.4822155857142857,8.598161571428571,8.08271,10.739112285714286,2.030366142857143,8.964902714285714,5.834745428571429,9.142494571428571,8.15587257142857,13.950635714285713,1.2025327142857143,12.64066,0.11318172857142858,2.962002857142857,4.110913571428571,18.474555714285714,29.127045714285714,14.836668571428572,25.60150857142857,7.5348491428571425,92.18487142857143,112.27948857142857,222.34988285714286,112.10531428571429,123.20376857142858,266.3948857142857,194.21164285714283,238.86252857142858,390.61955714285716,240.75292857142858,70.59159142857143,26.71081857142857,20.686305714285716,15.136968571428572,21.332784285714286,42.55231714285714,47.325828571428566,135.9465857142857,136.31802857142858,69.76818142857144,0.25,0.42,0.48,3.34,0.96,0.42,0.59,1.05,3.54,1.5,1.68,2.9,5.72,9.23,1.2,2.07,1.84,6.62,12.57,2.07,1.07,4.32,9.06,21.0,0.0,1.86,5.99,12.31,37.29
37,81.18278428571429,11.093382285714286,11.494922857142857,21.679335714285713,38.96010714285715,13.825427142857142,10.110095714285714,4.183276857142857,8.227580142857143,6.991921,10.054399428571429,8.433939857142857,14.23305,12.723775714285715,20.229695714285715,9.5494,8.345980714285714,6.060771857142857,12.380252857142857,6.056541857142857,23.809725714285715,14.261764285714285,10.48289857142857,14.364455714285715,22.423142857142857,28.788914285714288,58.75769571428572,72.9197,77.30330571428571,15.259622857142858,102.2865857142857,208.97593333333333,168.7608,79.65310714285714,61.13072857142857,100.42447714285714,210.9225857142857,156.72984285714284,194.28947142857143,138.95771428571427,0.4243991714285714,8.283361142857142,7.7816030000000005,11.534218571428571,1.8628762857142855,8.837796428571428,5.789598857142857,9.258671142857143,8.141080142857144,13.652941428571427,1.2892584285714286,15.138269999999999,0.12636345714285716,5.824005714285714,4.570567142857143,21.010191428571428,31.481791428571427,14.911797142857143,27.759177142857144,7.892538285714286,155.92919285714285,194.81885714285713,391.74973571428575,183.00807857142857,203.99365714285716,279.2246714285714,189.1659857142857,229.14285714285714,377.56791428571427,236.09305714285713,85.95169285714286,47.79463214285714,31.33950142857143,22.969162142857144,23.11004857142857,43.83929428571429,48.07584714285714,136.67137142857143,136.12365714285716,73.20786285714286,6.859857142857143,1.1055714285714286,0.8055714285714286,7.261285714285714,2.188428571428571,9.634142857142857,1.9369999999999998,1.5984285714285715,9.329857142857144,3.2827142857142855,21.621285714285715,28.41985714285714,30.59128571428571,50.564142857142855,2.834142857142857,28.117,38.38271428571429,51.579857142857136,92.47842857142857,4.948428571428572,1.4927142857142857,5.737,14.995571428571429,23.142714285714288,0.0,2.775571428571429,9.025571428571428,24.66985714285714,56.30985714285714
38,82.84441142857143,10.623703428571428,11.565784285714285,22.030628571428572,39.63816571428572,13.700615714285714,10.092738571428571,4.1678112857142855,8.188231714285713,7.192764,9.906579142857144,8.403857285714285,14.15075,12.346058571428571,19.54743857142857,10.010908,8.71312457142857,5.738753285714286,12.664064285714286,6.083298285714286,23.34579857142857,14.118391428571428,10.713162857142857,14.244248571428571,23.664224285714287,28.95586142857143,60.27100857142857,79.2506,76.17349857142857,15.147204285714286,108.48282857142857,210.3318,168.7608,85.35978571428572,63.75239285714286,98.35326571428573,214.54782857142857,153.40521428571427,202.92305714285715,151.02977142857142,0.3665827571428571,7.968560714285714,7.4804960000000005,12.329324857142858,1.6953864285714286,8.710690142857143,5.744452285714286,9.374847714285714,8.126287714285715,13.355247142857142,1.3759841428571429,17.63588,0.1395451857142857,8.686008571428571,5.030220714285714,23.545827142857142,33.83653714285714,14.986925714285714,29.916845714285714,8.250227428571428,219.67351428571428,277.3582257142857,561.1495885714286,253.91084285714285,284.7835457142857,292.05445714285713,184.12032857142856,219.42318571428572,364.51627142857143,231.4331857142857,101.31179428571429,68.87844571428572,41.992697142857146,30.801355714285712,24.88731285714286,45.12627142857143,48.82586571428571,137.39615714285713,135.92928571428573,76.64754428571429,13.469714285714286,1.7911428571428571,1.1311428571428572,11.182571428571428,3.416857142857143,18.848285714285716,3.284,2.146857142857143,15.119714285714288,5.065428571428571,41.56257142857143,53.93971428571428,55.46257142857142,91.89828571428572,4.468285714285714,54.164,74.92542857142858,96.53971428571428,172.3868571428571,7.826857142857143,1.9154285714285715,7.154,20.93114285714286,25.28542857142857,0.0,3.6911428571428573,12.061142857142858,37.029714285714284,75.32971428571429
39,84.50603857142858,10.154024571428572,11.636645714285715,22.381921428571427,40.316224285714284,13.575804285714286,10.07538142857143,4.1523457142857145,8.148883285714286,7.393607,9.758758857142857,8.373774714285714,14.06845,11.96834142857143,18.86518142857143,10.472415999999999,9.080268428571427,5.416734714285714,12.947875714285715,6.110054714285714,22.88187142857143,13.975018571428572,10.943427142857143,14.124041428571429,24.905305714285713,29.12280857142857,61.784321428571424,85.5815,75.04369142857144,15.034785714285714,114.67907142857142,211.68766666666667,168.7608,91.06646428571429,66.37405714285714,96.2820542857143,218.17307142857143,150.08058571428572,211.55664285714286,163.10182857142857,0.30876634285714283,7.653760285714286,7.1793890000000005,13.124431142857143,1.5278965714285713,8.583583857142857,5.699305714285714,9.491024285714285,8.111495285714286,13.057552857142857,1.4627098571428572,20.13349,0.15272691428571428,11.548011428571428,5.4898742857142855,26.081462857142856,36.19128285714285,15.062054285714286,32.07451428571429,8.607916571428571,283.41783571428573,359.89759428571426,730.5494414285714,324.8136071428571,365.5734342857143,304.88424285714285,179.07467142857143,209.70351428571428,351.4646285714286,226.7733142857143,116.67189571428571,89.96225928571428,52.64589285714286,38.63354928571429,26.66457714285714,46.413248571428575,49.57588428571429,138.12094285714286,135.7349142857143,80.08722571428572,20.079571428571427,2.476714285714286,1.4567142857142856,15.103857142857144,4.6452857142857145,28.062428571428573,4.631,2.6952857142857143,20.90957142857143,6.848142857142857,61.50385714285715,79.45957142857142,80.33385714285714,133.23242857142856,6.102428571428572,80.211,111.46814285714288,141.49957142857141,252.29528571428568,10.705285714285715,2.338142857142857,8.571000000000002,26.866714285714288,27.42814285714286,0.0,4.606714285714286,15.096714285714286,49.38957142857143,94.34957142857144
40,86.16766571428572,9.684345714285714,11.707507142857143,22.733214285714286,40.994282857142856,13.450992857142857,10.058024285714286,4.136880142857143,8.109534857142856,7.59445,9.610938571428571,8.343692142857142,13.98615,11.590624285714286,18.182924285714286,10.933924,9.447412285714286,5.094716142857143,13.231687142857144,6.136811142857143,22.417944285714285,13.831645714285715,11.173691428571429,14.003834285714285,26.146387142857144,29.289755714285715,63.29763428571428,91.9124,73.91388428571429,14.922367142857142,120.87531428571428,213.04353333333333,168.7608,96.77314285714286,68.99572142857143,94.21084285714286,221.7983142857143,146.75595714285714,220.19022857142858,175.17388571428572,0.25094992857142856,7.338959857142857,6.8782820000000005,13.919537428571429,1.3604067142857144,8.456477571428572,5.654159142857143,9.607200857142857,8.096702857142857,12.759858571428571,1.5494355714285715,22.631099999999996,0.16590864285714285,14.410014285714285,5.949527857142857,28.61709857142857,38.546028571428565,15.137182857142857,34.23218285714286,8.965605714285715,347.16215714285715,442.4369628571428,899.9492942857142,395.7163714285714,446.3633228571429,317.71402857142857,174.02901428571428,199.98384285714286,338.4129857142857,222.11344285714287,132.03199714285714,111.04607285714286,63.29908857142858,46.46574285714286,28.44184142857143,47.700225714285715,50.32590285714286,138.84572857142857,135.54054285714287,83.52690714285714,26.68942857142857,3.1622857142857144,1.7822857142857143,19.02514285714286,5.873714285714286,37.27657142857143,5.978,3.2437142857142858,26.699428571428573,8.630857142857142,81.44514285714287,104.97942857142857,105.20514285714285,174.56657142857142,7.736571428571429,106.258,148.01085714285716,186.45942857142856,332.2037142857142,13.583714285714287,2.7608571428571427,9.988,32.802285714285716,29.570857142857143,0.0,5.522285714285714,18.132285714285715,61.74942857142857,113.36942857142859
41,87.82929285714286,9.214666857142856,11.778368571428572,23.08450714285714,41.67234142857143,13.326181428571429,10.040667142857144,4.121414571428572,8.070186428571429,7.795293,9.463118285714286,8.313609571428572,13.90385,11.212907142857144,17.500667142857143,11.395432,9.814556142857143,4.772697571428571,13.515498571428571,6.163567571428572,21.95401714285714,13.688272857142858,11.403955714285713,13.883627142857144,27.38746857142857,29.456702857142858,64.81094714285715,98.2433,72.78407714285714,14.809948571428572,127.07155714285713,214.39939999999999,168.7608,102.47982142857143,71.61738571428572,92.13963142857143,225.42355714285713,143.43132857142857,228.8238142857143,187.24594285714286,0.19313351428571424,7.024159428571428,6.577175,14.714643714285714,1.1929168571428572,8.329371285714286,5.609012571428571,9.723377428571428,8.08191042857143,12.462164285714286,1.6361612857142858,25.128709999999998,0.17909037142857143,17.272017142857145,6.409181428571428,31.152734285714285,40.900774285714284,15.212311428571429,36.389851428571426,9.323294857142859,410.9064785714286,524.9763314285715,1069.3491471428572,466.6191357142857,527.1532114285715,330.5438142857143,168.98335714285716,190.26417142857144,325.36134285714286,217.45357142857142,147.39209857142856,132.12988642857144,73.95228428571428,54.297936428571425,30.219105714285714,48.98720285714286,51.075921428571434,139.5705142857143,135.34617142857144,86.96658857142857,33.299285714285716,3.847857142857143,2.107857142857143,22.946428571428573,7.102142857142857,46.49071428571429,7.324999999999999,3.7921428571428573,32.48928571428572,10.413571428571428,101.38642857142858,130.49928571428572,130.07642857142855,215.9007142857143,9.370714285714286,132.305,184.55357142857144,231.4192857142857,412.11214285714277,16.462142857142858,3.1835714285714287,11.405000000000001,38.737857142857145,31.71357142857143,0.0,6.437857142857143,21.167857142857144,74.1092857142857,132.38928571428573
42,89.49092,8.744988,11.84923,23.4358,42.3504,13.20137,10.02331,4.105949,8.030838,7.996136,9.315298,8.283527,13.82155,10.83519,16.81841,11.85694,10.1817,4.450679,13.79931,6.190324,21.49009,13.5449,11.63422,13.76342,28.62855,29.62365,66.32426,104.5742,71.65427,14.69753,133.2678,215.75526666666667,168.7608,108.1865,74.23905,90.06842,229.0488,140.1067,237.4574,199.318,0.1353171,6.709359,6.276068,15.50975,1.025427,8.202265,5.563866,9.839554,8.067118,12.16447,1.722887,27.62632,0.1922721,20.13402,6.868835,33.68837,43.25552,15.28744,38.54752,9.680984,474.6508,607.5157,1238.749,537.5219,607.9431,343.3736,163.9377,180.5445,312.3097,212.7937,162.7522,153.2137,84.60548,62.13013,31.99637,50.27418,51.82594,140.2953,135.1518,90.40627,39.909142857142854,4.533428571428572,2.4334285714285713,26.86771428571429,8.330571428571428,55.70485714285714,8.672,4.340571428571429,38.27914285714286,12.196285714285715,121.32771428571431,156.01914285714284,154.94771428571428,257.23485714285715,11.004857142857142,158.352,221.09628571428576,276.3791428571428,492.0205714285714,19.34057142857143,3.606285714285714,12.822000000000001,44.67342857142857,33.85628571428572,0.0,7.353428571428572,24.203428571428574,86.46914285714286,151.40914285714285
43,88.80417714285714,8.871723,11.240123857142857,23.521595714285716,40.85109,13.480210000000001,10.004329,4.277766714285714,8.000845428571427,8.056635428571429,9.807825428571428,8.771186,14.160605714285714,11.685444285714286,16.906445714285713,11.638755714285715,10.224322857142857,4.494986714285714,14.248128571428571,6.254438,23.524774285714283,13.546124285714287,12.29331,15.331968571428572,31.611882857142856,28.74263142857143,66.97216142857143,108.13864285714286,70.98368285714285,14.234168571428572,134.8689857142857,217.11113333333333,168.7608,113.01678571428572,74.77689000000001,88.55148285714286,232.67404285714287,134.06953142857142,222.82454285714286,193.39295714285714,0.21634324285714285,6.820025142857143,6.998556857142858,15.784091428571429,1.2505110000000002,8.221314857142858,5.484805142857143,9.668342714285714,10.302488285714286,12.353142857142856,1.7537425714285715,25.45609,1.6272003714285714,21.376829999999998,7.714201428571428,33.10288142857143,43.40480857142857,15.059922857142857,40.08061285714285,9.277211428571428,488.3264,585.0829,1209.9017142857142,554.4681999999999,587.5175285714286,318.93237142857146,186.98781428571428,176.95667142857144,288.62697142857144,231.55395714285714,180.4045857142857,143.34126714285713,96.18319714285714,77.75101142857143,67.29658857142857,51.81878857142857,62.940091428571435,141.20007142857142,123.49622857142857,84.01766428571429,46.519,5.219,2.759,30.789,9.559,64.919,10.019,4.889,44.069,13.979,141.269,181.539,179.819,298.569,12.639,184.399,257.639,321.339,571.929,22.219,4.029,14.239,50.609,35.999,0.0,8.269,27.239,98.829,170.429
44,88.11743428571428,8.998458,10.631017714285715,23.60739142857143,39.35178,13.75905,9.985348,4.449584428571429,7.970852857142857,8.117134857142856,10.300352857142858,9.258844999999999,14.499661428571429,12.535698571428572,16.99448142857143,11.420571428571428,10.266945714285713,4.539294428571429,14.696947142857143,6.318552,25.55945857142857,13.547348571428572,12.952399999999999,16.900517142857144,34.595215714285715,27.86161285714286,67.62006285714286,111.70308571428572,70.31309571428571,13.770807142857143,136.47017142857143,218.46699999999998,168.7608,117.84707142857143,75.31473,87.03454571428571,236.2992857142857,128.03236285714286,208.1916857142857,187.4679142857143,0.2973693857142857,6.9306912857142855,7.721045714285714,16.058432857142858,1.475595,8.240364714285715,5.4057442857142854,9.497131428571429,12.537858571428572,12.541815714285715,1.784598142857143,23.28586,3.0621286428571426,22.61964,8.559567857142858,32.51739285714286,43.55409714285714,14.832405714285715,41.613705714285715,8.873438857142858,502.002,562.6501000000001,1181.0544285714286,571.4145,567.0919571428572,294.49114285714285,210.03792857142858,173.36884285714285,264.94424285714285,250.31421428571429,198.05697142857142,133.46883428571428,107.76091428571428,93.37189285714285,102.59680714285713,53.363397142857146,74.05424285714287,142.10484285714287,111.84065714285715,77.62905857142857,42.99914285714286,6.283428571428572,3.1648571428571426,33.62914285714286,9.390571428571429,60.332,12.466285714285714,5.510571428571429,47.843428571428575,13.364857142857142,138.49057142857143,199.20771428571427,242.23485714285715,395.1777142857143,16.929142857142857,185.2462857142857,288.712,538.9591428571429,1007.412,35.976285714285716,6.924857142857142,28.734857142857145,54.512,36.087714285714284,0.0,13.712,86.30914285714286,127.672,161.53057142857142
45,87.43069142857142,9.125193,10.021911571428571,23.693187142857145,37.85247,14.03789,9.966367,4.621402142857143,7.940860285714286,8.177634285714285,10.792880285714286,9.746504,14.838717142857142,13.385952857142858,17.082517142857142,11.202387142857143,10.30956857142857,4.583602142857143,15.145765714285716,6.382666,27.594142857142856,13.548572857142858,13.61149,18.469065714285712,37.57854857142857,26.980594285714286,68.26796428571429,115.26752857142857,69.64250857142856,13.307445714285715,138.07135714285715,219.82286666666667,168.7608,122.67735714285715,75.85257,85.51760857142857,239.92452857142857,121.99519428571428,193.5588285714286,181.54287142857143,0.37839552857142855,7.041357428571429,8.443534571428572,16.332774285714287,1.700679,8.259414571428572,5.326683428571428,9.325920142857143,14.773228857142858,12.730488571428571,1.8154537142857143,21.115630000000003,4.497056914285714,23.86245,9.404934285714287,31.931904285714285,43.70338571428571,14.604888571428571,43.14679857142857,8.469666285714286,515.6776,540.2173,1152.2071428571428,588.3607999999999,546.6663857142856,270.0499142857143,233.08804285714285,169.7810142857143,241.2615142857143,269.0744714285714,215.70935714285713,123.59640142857143,119.33863142857143,108.99277428571429,137.8970257142857,54.908005714285714,85.16839428571429,143.0096142857143,100.18508571428572,71.24045285714286,39.479285714285716,7.347857142857142,3.5707142857142857,36.46928571428572,9.222142857142856,55.745,14.91357142857143,6.132142857142857,51.61785714285714,12.750714285714285,135.71214285714285,216.87642857142856,304.6507142857143,491.7864285714286,21.219285714285714,186.09357142857144,319.785,756.5792857142858,1442.895,49.73357142857142,9.820714285714285,43.230714285714285,58.415000000000006,36.17642857142857,0.0,19.155,145.37928571428571,156.515,152.63214285714287
46,86.74394857142858,9.251928,9.412805428571428,23.778982857142857,36.35316,14.31673,9.947386,4.793219857142857,7.910867714285714,8.238133714285715,11.285407714285714,10.234162999999999,15.177772857142857,14.236207142857143,17.17055285714286,10.984202857142858,10.352191428571428,4.627909857142857,15.594584285714287,6.44678,29.62882714285714,13.549797142857143,14.270579999999999,20.037614285714284,40.561881428571425,26.099575714285717,68.91586571428572,118.83197142857142,68.97192142857143,12.844084285714287,139.67254285714284,221.17873333333333,168.7608,127.50764285714286,76.39041,84.00067142857144,243.54977142857143,115.95802571428571,178.92597142857142,175.6178285714286,0.4594216714285714,7.152023571428572,9.166023428571428,16.607115714285715,1.925763,8.278464428571429,5.247622571428572,9.154708857142857,17.008599142857143,12.919161428571428,1.8463092857142858,18.9454,5.931985185714286,25.10526,10.250300714285714,31.346415714285715,43.852674285714286,14.37737142857143,44.67989142857143,8.065893714285714,529.3532,517.7845,1123.3598571428572,605.3071,526.2408142857142,245.6086857142857,256.13815714285715,166.1931857142857,217.57878571428571,287.83472857142857,233.36174285714284,113.72396857142857,130.91634857142856,124.61365571428571,173.19724428571425,56.45261428571429,96.28254571428572,143.91438571428571,88.5295142857143,64.85184714285714,35.959428571428575,8.412285714285714,3.9765714285714284,39.30942857142857,9.053714285714285,51.158,17.360857142857142,6.7537142857142864,55.39228571428571,12.136571428571427,132.93371428571427,234.54514285714288,367.0665714285715,588.3951428571429,25.509428571428572,186.94085714285714,350.858,974.1994285714286,1878.3780000000002,63.49085714285714,12.716571428571429,57.72657142857143,62.318000000000005,36.265142857142855,0.0,24.598,204.4494285714286,185.358,143.73371428571429
47,86.05720571428571,9.378663,8.803699285714286,23.864778571428573,34.85385,14.59557,9.928405,4.965037571428571,7.880875142857143,8.298633142857144,11.777935142857142,10.721822,15.51682857142857,15.086461428571429,17.25858857142857,10.766018571428573,10.394814285714286,4.672217571428571,16.04340285714286,6.510894,31.66351142857143,13.55102142857143,14.92967,21.606162857142856,43.54521428571428,25.218557142857144,69.56376714285715,122.39641428571429,68.30133428571429,12.380722857142857,141.27372857142856,222.5346,168.7608,132.33792857142856,76.92825,82.48373428571429,247.17501428571427,109.92085714285713,164.2931142857143,169.69278571428572,0.5404478142857142,7.262689714285715,9.888512285714285,16.881457142857144,2.1508469999999997,8.297514285714286,5.1685617142857145,8.983497571428572,19.24396942857143,13.107834285714285,1.8771648571428572,16.775170000000003,7.366913457142857,26.34807,11.095667142857142,30.760927142857145,44.00196285714286,14.149854285714285,46.212984285714285,7.662121142857143,543.0288,495.35170000000005,1094.5125714285714,622.2533999999999,505.81524285714283,221.16745714285713,279.1882714285714,162.60535714285714,193.89605714285713,306.5949857142857,251.01412857142856,103.85153571428572,142.4940657142857,140.23453714285714,208.4974628571428,57.99722285714286,107.39669714285715,144.81915714285714,76.87394285714286,58.46324142857143,32.439571428571426,9.476714285714285,4.382428571428571,42.149571428571434,8.885285714285715,46.571,19.808142857142858,7.375285714285715,59.166714285714285,11.52242857142857,130.15528571428572,252.21385714285714,429.4824285714286,685.0038571428572,29.79957142857143,187.78814285714287,381.931,1191.8195714285714,2313.861,77.24814285714285,15.612428571428572,72.22242857142857,66.221,36.353857142857144,0.0,30.040999999999997,263.51957142857145,214.201,134.8352857142857
48,85.37046285714285,9.505398,8.194593142857142,23.950574285714286,33.35454,14.87441,9.909424,5.136855285714286,7.8508825714285715,8.359132571428571,12.270462571428572,11.209481,15.855884285714286,15.936715714285715,17.346624285714288,10.547834285714286,10.437437142857142,4.716525285714286,16.49222142857143,6.575008,33.69819571428572,13.552245714285714,15.58876,23.174711428571428,46.528547142857136,24.337538571428574,70.21166857142858,125.96085714285714,67.63074714285715,11.917361428571429,142.87491428571428,223.89046666666667,168.7608,137.1682142857143,77.46609,80.96679714285715,250.80025714285713,103.88368857142856,149.66025714285715,163.76774285714288,0.6214739571428571,7.373355857142857,10.611001142857143,17.155798571428573,2.375931,8.316564142857143,5.089500857142857,8.812286285714286,21.479339714285715,13.296507142857143,1.9080204285714286,14.604940000000003,8.801841728571429,27.59088,11.941033571428573,30.175438571428572,44.15125142857143,13.922337142857142,47.746077142857146,7.258348571428572,556.7044,472.9189,1065.6652857142858,639.1997,485.38967142857143,196.72622857142858,302.2383857142857,159.01752857142856,170.21332857142858,325.35524285714285,268.66651428571424,93.97910285714285,154.07178285714286,155.85541857142857,243.79768142857142,59.54183142857143,118.51084857142857,145.7239285714286,65.21837142857143,52.07463571428572,28.919714285714285,10.541142857142857,4.788285714285713,44.989714285714285,8.716857142857144,41.984,22.255428571428574,7.996857142857143,62.94114285714285,10.908285714285714,127.37685714285713,269.88257142857145,491.89828571428575,781.6125714285715,34.08971428571429,188.63542857142858,413.004,1409.4397142857142,2749.344,91.00542857142855,18.508285714285712,86.71828571428571,70.12400000000001,36.442571428571426,0.0,35.483999999999995,322.5897142857143,243.04399999999998,125.93685714285715
49,84.68372,9.632133,7.585487,24.03637,31.85523,15.15325,9.890443,5.308673,7.82089,8.419632,12.76299,11.69714,16.19494,16.78697,17.43466,10.32965,10.48006,4.760833,16.94104,6.639122,35.73288,13.55347,16.24785,24.74326,49.51188,23.45652,70.85957,129.5253,66.96016,11.454,144.4761,225.24633333333333,168.7608,141.9985,78.00393,79.44986,254.4255,97.84652,135.0274,157.8427,0.7025001,7.484022,11.33349,17.43014,2.601015,8.335614,5.01044,8.641075,23.71471,13.48518,1.938876,12.43471,10.23677,28.83369,12.7864,29.58995,44.30054,13.69482,49.27917,6.854576,570.38,450.4861,1036.818,656.146,464.9641,172.285,325.2885,155.4297,146.5306,344.1155,286.3189,84.10667,165.6495,171.4763,279.0979,61.08644,129.625,146.6287,53.5628,45.68603,25.399857142857144,11.605571428571427,5.194142857142857,47.82985714285714,8.548428571428571,37.397000000000006,24.702714285714286,8.618428571428572,66.71557142857142,10.294142857142857,124.59842857142857,287.55128571428577,554.3141428571429,878.2212857142856,38.37985714285715,189.4827142857143,444.077,1627.0598571428573,3184.827,104.76271428571428,21.40414285714286,101.21414285714286,74.02700000000002,36.531285714285715,0.0,40.927,381.65985714285716,271.887,117.03842857142857
50,80.03584857142857,9.559176857142857,7.7401279999999995,23.91765142857143,29.410662857142857,14.745978571428571,9.484701857142857,5.161600285714285,7.6520660000000005,11.222657428571429,12.058485285714285,11.756578571428571,16.973717142857144,15.978007142857143,17.707725714285715,10.124840142857144,10.491494285714285,5.083930142857143,17.319645714285716,6.448578285714286,33.97638428571429,12.861177714285715,16.303301428571427,23.203107142857142,48.85126571428571,26.238928571428573,81.91607428571429,137.61192857142856,74.74775142857143,14.364080000000001,140.08192857142856,226.6022,168.7608,139.8177,79.47880571428571,85.00998,254.4255,100.42563142857142,185.24497142857143,191.63615714285714,0.6164286571428571,7.538254714285714,11.120527714285714,17.090652857142857,2.522605857142857,8.715626285714285,5.218469428571429,9.091658571428573,24.87162,16.33018714285714,1.7391392142857143,14.574812857142858,8.78866,29.563242857142857,11.917131285714285,32.93237142857143,47.778954285714285,15.289524285714286,52.89823857142857,7.866429428571428,541.5212714285715,451.1753428571429,990.9406142857142,613.7284,457.2571,200.73312857142858,294.48258571428573,158.08102857142856,171.67362857142857,321.5852428571429,276.78957142857143,91.64804571428571,158.74552857142857,155.29047428571428,273.9635,57.98696142857143,117.19357714285714,139.01664,59.32983285714286,47.04916142857143,21.88,12.67,5.6,50.67,8.38,32.81,27.15,9.24,70.49,9.68,121.82,305.22,616.73,974.83,42.67,190.33,475.15,1844.68,3620.31,118.52,24.3,115.71,77.93,36.62,0.0,46.37,440.73,300.73,108.14
51,75.38797714285714,9.486220714285714,7.894768999999999,23.79893285714286,26.966095714285714,14.338707142857142,9.078960714285714,5.014527571428571,7.483242000000001,14.025682857142858,11.353980571428572,11.816017142857142,17.752494285714285,15.169044285714286,17.98079142857143,9.920030285714287,10.502928571428571,5.407027285714285,17.698251428571428,6.2580345714285714,32.21988857142857,12.168885428571429,16.358752857142857,21.662954285714285,48.19065142857143,29.021337142857142,92.97257857142857,145.69855714285714,82.53534285714285,17.274160000000002,135.68775714285715,227.95806666666667,168.7608,137.6369,80.95368142857143,90.5701,254.4255,103.00474285714286,235.46254285714286,225.4296142857143,0.5303572142857143,7.592487428571429,10.907565428571427,16.751165714285715,2.444196714285714,9.095638571428571,5.426498857142857,9.542242142857143,26.02853,19.175194285714284,1.5394024285714285,16.714915714285716,7.34055,30.292795714285713,11.047862571428572,36.274792857142856,51.25736857142857,16.884228571428572,56.51730714285714,8.878282857142857,512.6625428571429,451.86458571428574,945.0632285714286,571.3108,449.5501,229.18125714285713,263.6766714285714,160.73235714285715,196.81665714285714,299.0549857142857,267.2602428571428,99.18942142857142,151.84155714285714,139.10464857142858,268.8291,54.88748285714286,104.76215428571429,131.40458,65.09686571428571,48.41229285714286,21.88,12.67,5.6,50.67,8.38,32.81,27.15,9.24,70.49,9.68,121.82,305.22,616.73,974.83,42.67,190.33,475.15,1844.68,3620.31,118.52,24.3,115.71,77.93,36.62,0.0,46.37,440.73,300.73,108.14
52,70.7401057142857,9.413264571428572,8.04941,23.680214285714285,24.52152857142857,13.931435714285715,8.673219571428572,4.867454857142857,7.314418,16.828708285714285,10.649475857142857,11.875455714285714,18.53127142857143,14.36008142857143,18.253857142857143,9.71522042857143,10.514362857142856,5.730124428571428,18.076857142857143,6.067490857142857,30.463392857142857,11.476593142857144,16.414204285714284,20.122801428571428,47.53003714285714,31.803745714285714,104.02908285714287,153.78518571428572,90.32293428571428,20.184240000000003,131.2935857142857,229.31393333333335,168.7608,135.4561,82.42855714285714,96.13022000000001,254.4255,105.58385428571428,285.6801142857143,259.2230714285714,0.4442857714285714,7.646720142857143,10.694603142857142,16.411678571428574,2.365787571428571,9.475650857142856,5.6345282857142855,9.992825714285715,27.18544,22.02020142857143,1.339665642857143,18.855018571428573,5.89244,31.022348571428573,10.178593857142857,39.61721428571428,54.73578285714285,18.47893285714286,60.13637571428572,9.890136285714286,483.8038142857143,452.5538285714286,899.1858428571428,528.8932,441.8431,257.6293857142857,232.87075714285714,163.38368571428572,221.95968571428568,276.52472857142857,257.7309142857143,106.73079714285714,144.93758571428572,122.91882285714286,263.6947,51.78800428571429,92.33073142857143,123.79252,70.86389857142856,49.77542428571429,21.88,12.67,5.6,50.67,8.38,32.81,27.15,9.24,70.49,9.68,121.82,305.22,616.73,974.83,42.67,190.33,475.15,1844.68,3620.31,118.52,24.3,115.71,77.93,36.62,0.0,46.37,440.73,300.73,108.14
53,66.09223428571428,9.340308428571428,8.204051,23.561495714285716,22.07696142857143,13.524164285714287,8.267478428571428,4.720382142857143,7.145594,19.631733714285716,9.944971142857144,11.934894285714286,19.31004857142857,13.551118571428571,18.526922857142857,9.510410571428572,10.525797142857144,6.053221571428571,18.45546285714286,5.876947142857143,28.706897142857144,10.784300857142856,16.469655714285715,18.58264857142857,46.86942285714286,34.58615428571429,115.08558714285715,161.87181428571427,98.11052571428571,23.094320000000003,126.89941428571429,230.6698,168.7608,133.27530000000002,83.90343285714285,101.69033999999999,254.4255,108.16296571428572,335.8976857142857,293.0165285714286,0.35821432857142854,7.700952857142857,10.481640857142857,16.07219142857143,2.2873784285714285,9.855663142857143,5.842557714285714,10.443409285714285,28.34235,24.86520857142857,1.1399288571428572,20.99512142857143,4.44433,31.75190142857143,9.309325142857144,42.95963571428571,58.214197142857145,20.073637142857145,63.75544428571429,10.901989714285715,454.9450857142857,453.2430714285714,853.3084571428572,486.4756,434.1361,286.0775142857143,202.06484285714285,166.03501428571428,247.10271428571428,253.99447142857142,248.2015857142857,114.27217285714285,138.0336142857143,106.73299714285714,258.5603,48.68852571428572,79.89930857142858,116.18046000000001,76.63093142857143,51.138555714285715,21.88,12.67,5.6,50.67,8.38,32.81,27.15,9.24,70.49,9.68,121.82,305.22,616.73,974.83,42.67,190.33,475.15,1844.68,3620.31,118.52,24.3,115.71,77.93,36.62,0.0,46.37,440.73,300.73,108.14
54,61.444362857142856,9.267352285714285,8.358692,23.442777142857143,19.632394285714284,13.116892857142858,7.861737285714286,4.573309428571428,6.97677,22.434759142857143,9.240466428571429,11.994332857142858,20.088825714285715,12.742155714285715,18.79998857142857,9.305600714285715,10.53723142857143,6.3763187142857145,18.834068571428574,5.686403428571429,26.95040142857143,10.092008571428572,16.52510714285714,17.042495714285714,46.20880857142857,37.36856285714286,126.14209142857143,169.95844285714287,105.89811714285713,26.004400000000004,122.50524285714286,232.02566666666667,168.7608,131.0945,85.37830857142856,107.25046,254.4255,110.74207714285714,386.11525714285716,326.80998571428574,0.2721428857142857,7.755185571428571,10.268678571428572,15.732704285714286,2.2089692857142857,10.235675428571428,6.050587142857143,10.893992857142857,29.49926,27.710215714285713,0.9401920714285714,23.135224285714287,2.99622,32.481454285714285,8.44005642857143,46.30205714285714,61.692611428571425,21.66834142857143,67.37451285714286,11.913843142857143,426.08635714285714,453.93231428571426,807.4310714285714,444.058,426.4291,314.5256428571429,171.25892857142856,168.68634285714285,272.24574285714283,231.46421428571426,238.67225714285712,121.81354857142857,131.12964285714287,90.54717142857143,253.4259,45.58904714285714,67.46788571428571,108.5684,82.3979642857143,52.50168714285714,21.88,12.67,5.6,50.67,8.38,32.81,27.15,9.24,70.49,9.68,121.82,305.22,616.73,974.83,42.67,190.33,475.15,1844.68,3620.31,118.52,24.3,115.71,77.93,36.62,0.0,46.37,440.73,300.73,108.14
55,56.79649142857143,9.194396142857142,8.513333,23.324058571428573,17.18782714285714,12.70962142857143,7.455996142857143,4.426236714285714,6.807946,25.23778457142857,8.535961714285715,12.053771428571428,20.867602857142856,11.933192857142858,19.073054285714285,9.100790857142858,10.548665714285715,6.699415857142857,19.212674285714286,5.495859714285714,25.193905714285712,9.399716285714286,16.580558571428572,15.502342857142857,45.54819428571429,40.150971428571424,137.19859571428572,178.04507142857142,113.68570857142856,28.91448,118.11107142857142,233.38153333333335,168.7608,128.9137,86.85318428571428,112.81058,254.4255,113.32118857142858,436.3328285714286,360.6034428571429,0.18607144285714283,7.809418285714286,10.055716285714285,15.393217142857143,2.1305601428571426,10.615687714285713,6.258616571428571,11.344576428571429,30.65617,30.55522285714286,0.7404552857142859,25.275327142857144,1.5481099999999994,33.21100714285714,7.570787714285714,49.64447857142857,65.17102571428572,23.263045714285713,70.99358142857143,12.925696571428572,397.22762857142857,454.6215571428571,761.5536857142856,401.6404,418.7221,342.97377142857147,140.4530142857143,171.33767142857144,297.38877142857143,208.93395714285714,229.14292857142857,129.35492428571428,124.22567142857143,74.3613457142857,248.2915,42.48956857142857,55.03646285714285,100.95634,88.16499714285715,53.86481857142857,21.88,12.67,5.6,50.67,8.38,32.81,27.15,9.24,70.49,9.68,121.82,305.22,616.73,974.83,42.67,190.33,475.15,1844.68,3620.31,118.52,24.3,115.71,77.93,36.62,0.0,46.37,440.73,300.73,108.14
56,52.14862,9.12144,8.667974,23.20534,14.74326,12.30235,7.050255,4.279164,6.639122,28.04081,7.831457,12.11321,21.64638,11.12423,19.34612,8.895981,10.5601,7.022513,19.59128,5.305316,23.43741,8.707424,16.63601,13.96219,44.88758,42.93338,148.2551,186.1317,121.4733,31.82456,113.7169,234.7374,168.7608,126.7329,88.32806,118.3707,254.4255,115.9003,486.5504,394.3969,0.1,7.863651,9.842754,15.05373,2.052151,10.9957,6.466646,11.79516,31.81308,33.40023,0.5407185,27.41543,0.1,33.94056,6.701519,52.9869,68.64944,24.85775,74.61265,13.93755,368.3689,455.3108,715.6763,359.2228,411.0151,371.4219,109.6471,173.989,322.5318,186.4037,219.6136,136.8963,117.3217,58.17552,243.1571,39.39009,42.60504,93.34428,93.93203,55.22795,21.88,12.67,5.6,50.67,8.38,32.81,27.15,9.24,70.49,9.68,121.82,305.22,616.73,974.83,42.67,190.33,475.15,1844.68,3620.31,118.52,24.3,115.71,77.93,36.62,0.0,46.37,440.73,300.73,108.14
